Sample	SafeSample	Marker	Forwardprimer	Reverseprimer	UniqueIDvalues	Length
203_A	203_A	ITS2_350bp_U001_U001	GCATCGATGAAGAACGCAGC	YTTTTCCTCCGCTTATTGATATGC	.	
203_A	203_A	SSU_305bp_U001_U001	CCGTGGTAATTCTAGAGCTAATACATGC	RTCGGGATTGGGTAATTTGCGC	.	
203_A	203_A	LSU_308bp_U001_U001	AGCGCACAAGTAGAGTGATCG	GGTCCGTGTTTCAAGACGG	.	
203_A	203_A	TEF_268bp_U001_U001	TGGTACAAGGGYTGGGAGAAGG	GCTGCTCGTGGTGCATYTCV	.	
203_A	203_A	RPB1_320bp_U001_U001	CCGTGTGCAAGAAGAAGCG	CGGTGATGATCATCCACTCGG	.	
204_B	204_B	ITS2_350bp_U001_U002	GCATCGATGAAGAACGCAGC	YTTTTCCTCCGCTTATTGATATGC	.	
204_B	204_B	SSU_305bp_U001_U002	CCGTGGTAATTCTAGAGCTAATACATGC	RTCGGGATTGGGTAATTTGCGC	.	
204_B	204_B	LSU_308bp_U001_U002	AGCGCACAAGTAGAGTGATCG	GGTCCGTGTTTCAAGACGG	.	
204_B	204_B	TEF_268bp_U001_U002	TGGTACAAGGGYTGGGAGAAGG	GCTGCTCGTGGTGCATYTCV	.	
204_B	204_B	RPB1_320bp_U001_U002	CCGTGTGCAAGAAGAAGCG	CGGTGATGATCATCCACTCGG	.	
205_A	205_A	ITS2_350bp_U001_U003	GCATCGATGAAGAACGCAGC	YTTTTCCTCCGCTTATTGATATGC	.	
205_A	205_A	SSU_305bp_U001_U003	CCGTGGTAATTCTAGAGCTAATACATGC	RTCGGGATTGGGTAATTTGCGC	.	
205_A	205_A	LSU_308bp_U001_U003	AGCGCACAAGTAGAGTGATCG	GGTCCGTGTTTCAAGACGG	.	
205_A	205_A	TEF_268bp_U001_U003	TGGTACAAGGGYTGGGAGAAGG	GCTGCTCGTGGTGCATYTCV	.	
205_A	205_A	RPB1_320bp_U001_U003	CCGTGTGCAAGAAGAAGCG	CGGTGATGATCATCCACTCGG	.	
206_A	206_A	ITS2_350bp_U001_U004	GCATCGATGAAGAACGCAGC	YTTTTCCTCCGCTTATTGATATGC	.	
206_A	206_A	SSU_305bp_U001_U004	CCGTGGTAATTCTAGAGCTAATACATGC	RTCGGGATTGGGTAATTTGCGC	.	
206_A	206_A	LSU_308bp_U001_U004	AGCGCACAAGTAGAGTGATCG	GGTCCGTGTTTCAAGACGG	.	
206_A	206_A	TEF_268bp_U001_U004	TGGTACAAGGGYTGGGAGAAGG	GCTGCTCGTGGTGCATYTCV	.	
206_A	206_A	RPB1_320bp_U001_U004	CCGTGTGCAAGAAGAAGCG	CGGTGATGATCATCCACTCGG	.	
NC_DNA	NC_DNA	ITS2_350bp_U001_U007	GCATCGATGAAGAACGCAGC	YTTTTCCTCCGCTTATTGATATGC	.	
NC_DNA	NC_DNA	SSU_305bp_U001_U007	CCGTGGTAATTCTAGAGCTAATACATGC	RTCGGGATTGGGTAATTTGCGC	.	
NC_DNA	NC_DNA	LSU_308bp_U001_U007	AGCGCACAAGTAGAGTGATCG	GGTCCGTGTTTCAAGACGG	.	
NC_DNA	NC_DNA	TEF_268bp_U001_U007	TGGTACAAGGGYTGGGAGAAGG	GCTGCTCGTGGTGCATYTCV	.	
NC_DNA	NC_DNA	RPB1_320bp_U001_U007	CCGTGTGCAAGAAGAAGCG	CGGTGATGATCATCCACTCGG	.	
NC_PCR	NC_PCR	ITS2_350bp_U001_U006	GCATCGATGAAGAACGCAGC	YTTTTCCTCCGCTTATTGATATGC	.	
NC_PCR	NC_PCR	SSU_305bp_U001_U006	CCGTGGTAATTCTAGAGCTAATACATGC	RTCGGGATTGGGTAATTTGCGC	.	
NC_PCR	NC_PCR	LSU_308bp_U001_U006	AGCGCACAAGTAGAGTGATCG	GGTCCGTGTTTCAAGACGG	.	
NC_PCR	NC_PCR	TEF_268bp_U001_U006	TGGTACAAGGGYTGGGAGAAGG	GCTGCTCGTGGTGCATYTCV	.	
NC_PCR	NC_PCR	RPB1_320bp_U001_U006	CCGTGTGCAAGAAGAAGCG	CGGTGATGATCATCCACTCGG	.	
PC_Beauveria	PC_Beauveria	ITS2_350bp_U001_U005	GCATCGATGAAGAACGCAGC	YTTTTCCTCCGCTTATTGATATGC	.	
PC_Beauveria	PC_Beauveria	SSU_305bp_U001_U005	CCGTGGTAATTCTAGAGCTAATACATGC	RTCGGGATTGGGTAATTTGCGC	.	
PC_Beauveria	PC_Beauveria	LSU_308bp_U001_U005	AGCGCACAAGTAGAGTGATCG	GGTCCGTGTTTCAAGACGG	.	
PC_Beauveria	PC_Beauveria	TEF_268bp_U001_U005	TGGTACAAGGGYTGGGAGAAGG	GCTGCTCGTGGTGCATYTCV	.	
PC_Beauveria	PC_Beauveria	RPB1_320bp_U001_U005	CCGTGTGCAAGAAGAAGCG	CGGTGATGATCATCCACTCGG	.	
