Species,Voucher,SSU,LSU,TEF,RPB1,RPB2,ITS,Host
Hirsutella citriformis,ARSEF 1446,KM652065,,KM651990,KM652031,,,
Hirsutella citriformis,ARSEF 9180,,,,,,KM652156,Diaphorina citri
Hirsutella citriformis,NHJ 12118,,EF468829,,,,,
Ophiocordyceps acicularis,OSC 128580,DQ522543,DQ518757,DQ522326,DQ522371,DQ522423,JN049820,
Ophiocordyceps agriotidis,ARSEF 5692,DQ522540,DQ518754,DQ522322,DQ522368,DQ522418,JN049819,
Ophiocordyceps albacongiuae,RC20,KX713633,,KX713670,,,,
Ophiocordyceps amazonica,Ophama2026,KJ917562,KJ917571,KM411989,KP212902,KM411982,,
Ophiocordyceps annulata,CEM303,KJ878915,KJ878881,KJ878962,KJ878995,,,
Ophiocordyceps anocheti,HKAS 132231,PV139232,PV139248,PV156011,PV155982,PV155996,,
Ophiocordyceps anocheti,HKAS 132269,,,,,,PV139218,
Ophiocordyceps anshunensis,GMBC 3026,,PP577938,PP681121,PP681111,PP681116,,
Ophiocordyceps anshunensis,GMBC 3027,PP583072,,,,,PP583072,
Ophiocordyceps aphodii,ARSEF 5498,DQ522541,DQ518755,DQ522323,,DQ522419,,
Ophiocordyceps aphrophoridarum,YTS19061907,MW139324,MW139330,MW160163,MW160167,MW160165,MW139322,Aphrophoridae sp. (Homoptera)
Ophiocordyceps appendiculata,NBRC 106959,JN941729,JN941412,AB968578,JN992463,AB968540,,
Ophiocordyceps appendiculata,NBRC 106960,,,,,,JN943326,
Ophiocordyceps araracuarensis,Ophful696,KC610788,KC610769,KC610738,KF658665,KC610716,,
Ophiocordyceps araracuarensis,Ophsp.696,,,,,,KP200891,
Ophiocordyceps arborescens,NBRC:105890,,AB968415,AB968573,,AB968535,,
Ophiocordyceps arborescens,NBRC:105891,NG_064858,,,,,NR_147510,
Ophiocordyceps aseptatospora,GZAAS 22-2052,OR464180,OR464181,OR463900,OR463898,OR463899,OR464182,Hymenoptera
Ophiocordyceps asiana,GMBC 3023,,,,,PP681113,,
Ophiocordyceps asiana,HKAS125846,PP707760,,,,,,
Ophiocordyceps asiana,MY11878,,MW280213,MW292448,MW296049,,MW285719,Hemiptera
Ophiocordyceps australis,Ophaus1780,,,,,,KP200888,Pachycondyla crassinoda
Ophiocordyceps australis,Ophaus1901,,,,,KC610713,,Pachycondyla crassinoda
Ophiocordyceps australis,Ophaus774,KC610784,KC610764,KC610734,KF658678,,,
Ophiocordyceps australis,Ophaus926,KC610786,KC610765,KC610735,KF658662,,,
Ophiocordyceps bannaensis,ant of Camponotus sp.,PQ825959,PQ825960,,,,PQ826458,
Ophiocordyceps bannaensis,GACP24-0801,,,PQ880174,PQ880176,PQ880175,,
Ophiocordyceps binata,Binat,,MK393323,,,,,
Ophiocordyceps blakebarnesii,MISSOU5,KX713641,KX713610,KX713688,KX713716,,,
Ophiocordyceps blattarioides,Ophbla014,KJ917559,KJ917570,KM411992,,,,
Ophiocordyceps blattarioides,Ophbla2098,,,,,KM411984,,
Ophiocordyceps blattarioides,Ophsp.014,,,,KP212910,,,
Ophiocordyceps brunneanigra,BCC69032,,MF614654,MF614638,MF614668,MF614681,,
Ophiocordyceps brunneaperitheciata,BCC49312,,MF614660,MF614642,MF614686,MF614686,,
Ophiocordyceps brunneipunctata,HKAS149958,,,,,,PX411450,Lepidoptera
Ophiocordyceps brunneipunctata,OSC 128576,DQ522542,DQ518756,DQ522324,DQ522369,DQ522420,,
Ophiocordyceps buquetii,BCC 93053,,,,,,ON763782,Oecophylla smaragdina
Ophiocordyceps buquetii,HMAS_199613,KJ878939,KJ878904,KJ878984,KJ879019,,,
Ophiocordyceps buquetii,HMAS_199617,KJ878940,KJ878905,KJ878985,KJ879020,,,
Ophiocordyceps calliphoridarum,GMB 3129,PX224995,PX225004,PX225635,,PX245454,,
Ophiocordyceps calliphoridarum,GMB 3131,,,,,,PX219625,
Ophiocordyceps camponoti,ATRI3,KX713666,KX520652,KX713677,,,,
Ophiocordyceps camponoti,C36,KJ201512,,,,,,
Ophiocordyceps camponoti,C40,KJ201519,,,,,,
Ophiocordyceps camponoti,Co24,,,JN819013,,,,
Ophiocordyceps camponoti,Co25,,,JN819012,,,,
Ophiocordyceps camponoti,FEMO2,KX713663,KX713590,KX713678,KX713702,,,
Ophiocordyceps camponoti,Flo4,KX713662,KX713591,,,,,
Ophiocordyceps camponoti,Flx2,,,KX713674,,,,
Ophiocordyceps camponoti,G108,KX713659,KX713594,KX713679,KX713704,,,
Ophiocordyceps camponoti,G143,KX713658,KX713595,KX713690,KX713705,,,
Ophiocordyceps camponoti,HIPPOC,KX713655,KX713597,KX713673,KX713707,,,
Ophiocordyceps camponoti,INDI2,KX713654,KX713598,,,,,
Ophiocordyceps camponoti,INPA 280294,,,,,MH476447,,
Ophiocordyceps camponoti,MFLU:22-0269,,,,,,OQ127356,
Ophiocordyceps camponoti,NIDUL2,KX713640,KX713611,KX713669,KX713717,,,
Ophiocordyceps camponoti,OBIS5,KX713636,KX713616,KX713693,KX713721,,,
Ophiocordyceps camponoti,ORENG,KX713634,KX713617,KX713671,,,,
Ophiocordyceps camponoti,YFCC 9028,,OR685713,,PP102223,PP091966,,
Ophiocordyceps clavata,CEM1762,KJ878916,KJ878882,KJ878963,KJ878996,,,
Ophiocordyceps clavata,MY12912,,,,,OR855838,,Coleoptera
Ophiocordyceps cochlidiicola,520621MF432,,,,,,PP454968,
Ophiocordyceps cochlidiicola,HMAS_199612,KJ878917,KJ878884,KJ878965,KJ878998,,,
Ophiocordyceps communis,BCC 2754,,,,MK214111,,MH754727,Termitidae(adult termite)
Ophiocordyceps communis,NHJ 12581,EF468973,EF468831,EF468775,,EF468930,,
Ophiocordyceps corriemoreau,C2014A,,,,,MK491926,,
Ophiocordyceps corriemoreauae,C2014A,MK393831,MK393324,,MK491926,,,
Ophiocordyceps crinalis,GDGM 17327,KF226253,KF226254,KF226256,KF226255,,,
Ophiocordyceps crinalis,HKAS:102447,,,,,OQ186406,,
Ophiocordyceps crinalis,KUMCC 5194,,,,,,OQ935399,
Ophiocordyceps curculionum,IAvH-TRI-MR160,,,,,,PP727840,
Ophiocordyceps curculionum,OSC 151910,KJ878918,KJ878885,,KJ878999,,,
Ophiocordyceps cylindrospora,HKAS 148937,,,PV855904,PX406246,,,
Ophiocordyceps cylindrospora,MFLU:17-1961,MG553651,MG553652,,,MG647029,NR_164488,Hymenoptera
Ophiocordyceps daceti,MF01,,KX713604,KX713667,,,,
Ophiocordyceps daceti,MF90,KX713645,,,,,,
Ophiocordyceps diabolica,BDS32,MK393830,MK393322,MK491907,,,,
Ophiocordyceps dipterigena,MRCIF71,,,,,,EU573346,
Ophiocordyceps dipterigena,Ophdip899,,,,,KC610715,,
Ophiocordyceps dipterigena,OSC 151911,KJ878919,KJ878886,KJ878966,KJ879000,,,
Ophiocordyceps dipterigena,OSC 151912,KJ878920,KJ878887,KJ878967,KJ879001,,,
Ophiocordyceps ditmarii,WU42993,MT878364,MT937097,,,,MT878364,Vespula vulgaris
Ophiocordyceps elongata,OSC 110989,,EF468808,EF468748,EF468856,,,
Ophiocordyceps entomorrhiza,KEW 53484,EF468954,EF468809,EF468749,EF468857,EF468911,JN049850,
Ophiocordyceps evansii,Ophsp.858,KC610796,KC610770,KC610736,KP212916,,,
Ophiocordyceps evansii,Ophsp.912,,,,,,KP200890,Pachycondyla impressa
Ophiocordyceps floriformis,BBH51295,PV170895,PV257643,PV274276,,PV274287,NR_201007,Dipterigena
Ophiocordyceps formicarum,1,,,,,,KY649457,
Ophiocordyceps formicarum,TNS F18565,KJ878921,KJ878888,KJ878968,KJ879002,KJ878946,,
Ophiocordyceps formosana,HS0825-01,,EF689044,,,,EF689044,
Ophiocordyceps formosana,TNM F13893,KJ878908,,KJ878956,KJ878988,KJ878943,,
Ophiocordyceps forquignonii,OSC 151902,KJ878912,KJ878876,,KJ878991,KJ878945,,
Ophiocordyceps fulgoromorphila,Ophara717,,KC610760,KC610729,KF658676,KC610719,,
Ophiocordyceps fulgoromorphila,Ophsp.717,KC610794,,,,,,
Ophiocordyceps geometridicola,BCC35947,,MF614647,MF614631,MF614664,MF614678,,
Ophiocordyceps globiceps,MFLUCC 18-0495,MH725811,MH725829,MH727387,,,MH725815,Diptera
Ophiocordyceps gracilis,EFCC 3101,EF468955,EF468810,EF468750,EF468858,EF468913,,
Ophiocordyceps gracilis,EFCC 8572,,,,,,JN049851,
Ophiocordyceps gracillisima,Ophgrc679,,KC610768,KC610744,KF658666,,,
Ophiocordyceps granospora,BCC82255,,MH028156,MH028183,MH028168,MH028177,,
Ophiocordyceps granospora,OSC 128579,EF469123,EF469076,EF469060,EF469089,,,
Ophiocordyceps halabalaensis,MY1308,KM655825,,GU797109,,,,
Ophiocordyceps halabalaensis,MY5151,,GU723763,,,,GU723763,
Ophiocordyceps heteropoda,EFCC 10125,EF468957,EF468812,EF468752,EF468860,EF468914,JN049852,
Ophiocordyceps humbertii,MF116A,MK874747,MK875537,,,,,
Ophiocordyceps humbertii,MF116B,,,,MK863829,,,
Ophiocordyceps irangiensis,OSC 128578,DQ522556,DQ518770,DQ522345,DQ522391,DQ522445,JN049833,
Ophiocordyceps khaoyaiensis,BCC82796,,MH028153,MH028187,MH028165,MH028175,,
Ophiocordyceps kimflemingiae,SC30,KX713629,KX713622,KX713699,KX713727,,,
Ophiocordyceps kniphofioides,HUA TSF 790,,,MF416513,,,,
Ophiocordyceps kniphofioides,MF90,MK874746,MK875538,,MK863827,,,
Ophiocordyceps kniphofioides,Ophkni727,,,,,KC610717,,Cephalotes atratus
Ophiocordyceps kniphofioides,PCFB,,,,,,KY053450,
Ophiocordyceps konnoana,EFCC 7315,EF468959,,EF468753,EF468861,EF468916,,
Ophiocordyceps konnoana,OTU0780,,,,,,MT925106,
Ophiocordyceps lanpingensis,CS96,OK012563,,,,,,
Ophiocordyceps lanpingensis,KUMCC 5190,,,,,,OQ935395,
Ophiocordyceps lanpingensis,YHOS0705,,KC417460,KC417462,KC417464,KC456333,,
Ophiocordyceps laosensis,GMB 3137,PX225002,PX225011,PX225642,PX225644,PX245461,,
Ophiocordyceps laosensis,GMB 3138,,,,,,PX219631,
Ophiocordyceps laotii,BCC 76495,,ON764219,ON759347,ON759354,,NR_191197,Dolichoderus laotius
Ophiocordyceps laotii,BCC 76497,ON763787,,,,,,Dolichoderus laotius
Ophiocordyceps lloydii,OSC 151913,KJ878924,KJ878891,KJ878970,KJ879004,KJ878948,,
Ophiocordyceps lloydii,Pan-OY01,,,,,,PP711273,Camponotus atriceps
Ophiocordyceps longissima,Cod-SN1402,,,,,,MG031300,Cicada
Ophiocordyceps longissima,NBRC:106965,,,,,AB968546,,
Ophiocordyceps longissima,TNS F18448,KJ878925,KJ878892,KJ878971,KJ879005,,,
Ophiocordyceps macroacicularis,BCC22918,,,,MF614669,,,
Ophiocordyceps macroacicularis,NBRC:100685,NG_064859,,,,,NR_147511,
Ophiocordyceps macroacicularis,NBRC:105888,,AB968417,AB968575,,AB968537,,
Ophiocordyceps megacuculla,BCC82258,,MH028159,MH028190,MH028171,MH028179,,
Ophiocordyceps melolonthae,iNAT:13875275,,,,,,OK586482,
Ophiocordyceps melolonthae,OSC 110993,DQ522548,DQ518762,DQ522331,DQ522376,,,
Ophiocordyceps mizoramensis,OCCMZ001,MN472918,MN472919,MT897152,,,,
Ophiocordyceps monacidis,MF74,KX713647,KX713605,,KX713712,,,
Ophiocordyceps multiperitheciata,BCC22861,,MF614656,MF614640,MF614670,MF614683,,
Ophiocordyceps muscae,BBC73607,,PV257645,,,,,
Ophiocordyceps muscae,BCC73607,,,PV274277,,PV274289,,
Ophiocordyceps muscae,BCC73616,,,,,,NR_201008,Dipterigena
Ophiocordyceps muscae,GMB 3136,PX225001,,,,,,
Ophiocordyceps muscidarum,HKAS 132178,PQ424972,PQ423695,PQ675604,,PQ569900,NR_200908,
Ophiocordyceps myrmecophila,BCC82985,,,,,MH028182,,
Ophiocordyceps myrmecophila,HMAS_199620,KJ878927,KJ878893,KJ878973,KJ879007,,,
Ophiocordyceps myrmecophila,Liyi4389,,,,,,PQ334984,
Ophiocordyceps naomipierceae,DAWKSANT,KX713664,KX713589,,KX713701,,,
Ophiocordyceps neonutans,FMF88,KX197242,KX197242,,,,,
Ophiocordyceps neonutans,KEL110,KX197240,,,,,,
Ophiocordyceps neonutans,KEL113,KX197239,,,,,,
Ophiocordyceps neonutans,KEL114,KX197241,KX197241,,,,,
Ophiocordyceps neonutans,KEL138,KX197243,KX197243,,,,,
Ophiocordyceps neonutans,KEL142,KX197244,,,,,,
Ophiocordyceps neovolkiana,NFCCI:4331,,,,,,MH668282,Leucopholis coneophora
Ophiocordyceps neovolkiana,OSC 151903,KJ878930,KJ878896,KJ878976,KJ879010,,,
Ophiocordyceps nigrella,EFCC 9247,EF468963,EF468818,EF468758,EF468866,EF468920,JN049853,
Ophiocordyceps nutans,104-50,,AB509505,,,,,
Ophiocordyceps nutans,11BidoupNLU,,MT235757,,,,,Halyomorpha halys (Sta'l)
Ophiocordyceps nutans,12BidoupNLU,,MT235758,,,,,Acanthosoma labiduroides
Ophiocordyceps nutans,15BidoupNLU,,MT235761,,,,,Proxys punctulatus
Ophiocordyceps nutans,20886,AJ536558,,,,,,
Ophiocordyceps nutans,420526MF0525,,MH668078,,,,,
Ophiocordyceps nutans,420526MF0895,,MH668079,,,,,
Ophiocordyceps nutans,CPA50,ON890862,ON890862,,,,,
Ophiocordyceps nutans,FI935,,PP803457,,,,,
Ophiocordyceps nutans,FI942,,PP809777,,,,,
Ophiocordyceps nutans,G97033,AJ309366,AJ309366,,,,,
Ophiocordyceps nutans,G97035,AJ309367,AJ309367,,,,,
Ophiocordyceps nutans,GMBC 3024,PQ871517,PP583069,,,PP681114,,
Ophiocordyceps nutans,HB0201,AJ536557,,,,,,
Ophiocordyceps nutans,HB0202,AJ536559,,,,,,
Ophiocordyceps nutans,HKAS 126065,,OQ935378,,,,,
Ophiocordyceps nutans,HKAS 126074,PV467429,OQ935380,,,,,
Ophiocordyceps nutans,HKAS 126077,PV467430,OQ935381,,,,,
Ophiocordyceps nutans,HKAS122491,,ON794322,,,,,
Ophiocordyceps nutans,HKAS:102461,OQ127322,OQ127393,,,,,
Ophiocordyceps nutans,HMIGD 20876,,,,,EF495090,,
Ophiocordyceps nutans,HMJAU63522,OR364598,OR364598,,,,,
Ophiocordyceps nutans,iNaturalist#84633145,PV062200,PV062190,,,,,
Ophiocordyceps nutans,iNaturalist#84633564,PV062202,PV062192,,,,,
Ophiocordyceps nutans,KA12-1340,KR673559,,,,,,
Ophiocordyceps nutans,KACC500169,AF224274,AF224274,,,,,
Ophiocordyceps nutans,l,AJ536560,,,,,,
Ophiocordyceps nutans,Liyi2048,MZ568423,MZ568423,,,,,
Ophiocordyceps nutans,MHHNU 30295,,MK453047,,,,,
Ophiocordyceps nutans,NBRC 100944,JN941713,JN941428,AB968588,JN992447,AB968549,,
Ophiocordyceps nutans,NBRC:101749,AB968408,AB968408,AB968589,,AB968550,AB968408,
Ophiocordyceps nutans,NXS92,,PP454967,,,,,
Ophiocordyceps nutans,Oph994,,KJ917567,,,,,
Ophiocordyceps nutans,OSC 110994,DQ522549,DQ518763,DQ522333,DQ522378,,,
Ophiocordyceps nutans,SICAU 24-0164,,,,PV255784,PV255955,,
Ophiocordyceps nutans,SICAU 24-0164-1,PV094483,PV094337,PV268666,PV255785,PV255929,,
Ophiocordyceps nutans,SICAU 24-0165,,PV094338,PV268667,PV255786,PV255956,,
Ophiocordyceps nutans,XS58,ON890863,ON890863,,,,,
Ophiocordyceps nutans,YU0412,PP859048,PP859048,,,,,
Ophiocordyceps odonatae,Liyi4844,PQ334985,,,,,PQ334985,
Ophiocordyceps odonatae,TNS F18563,,KJ878877,,KJ878992,,,
Ophiocordyceps odontomachi,Odonto1,,MK393342,,MK491939,,,
Ophiocordyceps oecophyllae,BRIP 62635a,,OR707917,OR723732,,,OR707916,Oecophylla smaragdina
Ophiocordyceps oecophyllae,OECO1,KX713635,,,,,,
Ophiocordyceps ootakii,J13,KX713652,KX713600,KX713681,KX713708,,,
Ophiocordyceps oxycephala,HMIGD 20878,,,,,EF495091,,
Ophiocordyceps oxycephala,KUMCC 5193,,OP962402,,,,OQ935398,
Ophiocordyceps oxycephala,wyhxz-2,OL150612,,,,,,
Ophiocordyceps paltothyrei,Palt1,MK393848,MK393345,,MK491942,,,
Ophiocordyceps paltothyrei,Palt2,MK393849,MK393346,,MK491943,,,
Ophiocordyceps pauciovoperitheciata,BCC53615,,MF614649,MF614636,MF614665,MF614672,,
Ophiocordyceps philippinensis,BBC22048,,PV257647,,,,,
Ophiocordyceps philippinensis,BCC22048,,,PV274279,,PV274291,,
Ophiocordyceps philippinensis,BCC78339,PV170900,,,,,PV170900,Dipterigena
Ophiocordyceps poecilometigena,BRIP 61312a,OP941141,OP941139,OP948911,,,,
Ophiocordyceps poecilometigena,BRIP:62634a,,,,,,NR_191271,Poecilometigena sp.
Ophiocordyceps polyrhachis,P39,KJ201504,,,,,,
Ophiocordyceps polyrhachis,Po21,,,JN819003,,,,
Ophiocordyceps ponerinarum,Ophkni790,KC610789,KC610767,KC610740,KF658668,,,
Ophiocordyceps pruinosa,MY3912,,,,,,GU723762,
Ophiocordyceps pruinosa,NHJ 12994,EU369106,EU369041,EU369024,EU369063,EU369084,,
Ophiocordyceps pseudoacicularis,BCC49256,,MF614645,MF614629,MF614662,MF614676,,
Ophiocordyceps pseudolloydii,HKAS 126055,PV467454,OP962387,OQ979234,,,,
Ophiocordyceps pseudolloydii,MFLU:22-0266,OQ127323,OQ127394,OQ186385,OQ186434,OQ186408,OQ127360,
Ophiocordyceps pseudomyrmicis,P10B1,MK393847,MK393344,,,,,
Ophiocordyceps pseudonutans,HAKS 131087,OR727522,OR727508,OR735993,OR736007,OR736020,,
Ophiocordyceps pseudonutans,TL31,,,,,,OR727495,on stink bug
Ophiocordyceps pulvinata,Ophiocordyceps_pulvinata_gene_for_28S_ribosomal_RNA_partial_sequence,,AB721305,,,,,Camponotus obscuripes
Ophiocordyceps pulvinata,Ophiocordyceps_pulvinata_genes_for_18S_rRNA_ITS1_5.8S_rRNA_ITS2_28S_rRNA_partial_and_complete_sequence,,,,,,AB721302,Camponotus obscuripes
Ophiocordyceps pulvinata,TNS-F-30044,GU904208,,GU904209,GU904210,,,
Ophiocordyceps purpureostromata,TNS F18430,KJ878931,KJ878897,KJ878977,KJ879011,,,
Ophiocordyceps rami,MY6736,KM655823,,KJ201532,,,,
Ophiocordyceps ramosissimum,GZUHHN8,KJ028012,,KJ028014,KJ028017,,KJ028007,Phassus nodus
Ophiocordyceps ravenelii,OSC 110995,DQ522550,DQ518764,DQ522334,DQ522379,DQ522430,,
Ophiocordyceps rhizoidea,NHJ 12522,,,,,,JN049857,
Ophiocordyceps rhizoidea,NHJ 12529,EF468969,EF468824,EF468765,EF468872,EF468922,,
Ophiocordyceps robertsii,K.(M)27083,AJ309335,,,,,AJ309335,
Ophiocordyceps robertsii,KEW 27083,,EF468826,EF468766,,,,
Ophiocordyceps robertsii,YHORZT007,,,,KC561980,,,
Ophiocordyceps rubiginosiperitheciata,NBRC 100946,JN941705,JN941436,AB968581,JN992439,AB968543,,
Ophiocordyceps rubiginosiperitheciata,NBRC 106966,,,,,,JN943344,
Ophiocordyceps satoi,J19,KX713650,KX713601,KX713684,KX713710,,,
Ophiocordyceps satoi,YFCC 8810,,,,,OP796865,,
Ophiocordyceps sinensis,EFCC 7287,EF468971,EF468827,EF468767,EF468874,EF468924,JN049854,
Ophiocordyceps sobolifera,HKAS 126020,,,PV672170,,,,
Ophiocordyceps sobolifera,KEW 78842,EF468972,EF468828,,EF468875,EF468925,JN049855,
Ophiocordyceps sp,NHJ 12525,EF469125,,,,,,
Ophiocordyceps sp,OSC 151909,,KJ878900,KJ878981,KJ879016,KJ878952,,
Ophiocordyceps sp,SJ22,,,MK863822,MK863832,,,
Ophiocordyceps sp.,CatKNZ01_OP,,LC370818,LC370821,LC370819,LC370820,,
Ophiocordyceps sp.,NHJ 12525,EF469125,,,,,,
Ophiocordyceps spataforae,NHJ 12525,EF469125,EF469078,EF469063,EF469092,EF469111,,
Ophiocordyceps sphecocephala,OSC 110998,DQ522551,DQ518765,DQ522336,DQ522381,DQ522432,,
Ophiocordyceps stylophora,OSC 111000,DQ522552,DQ518766,DQ522337,DQ522382,DQ522433,JN049828,
Ophiocordyceps tabani,BBC45127,,PV257652,,,,,
Ophiocordyceps tabani,BCC39918,,,PV274284,,,,Diptera
Ophiocordyceps tabani,BCC45127,PV170901,,,,PV339938,NR_201009,Dipterigena
Ophiocordyceps tessaratomidarum,GMBC 3025,PP583070,PP577937,PP681120,PP681110,PP681115,PP583070,
Ophiocordyceps thanathonensis,HKAS 126078,,,,,,OQ935382,
Ophiocordyceps thanathonensis,HKAS:102442,,OQ127395,OQ186386,,OQ186409,,
Ophiocordyceps thanathonensis,MFLU 16-2909,MF850376,,,,,,
Ophiocordyceps thanathonensis,MFLU 16-2910,,MF850377,,,,,
Ophiocordyceps thanathonensis,MFLUCC:16-2909,,,MF872613,MF872615,,,Hymenotera
Ophiocordyceps thanathonensis,MFLUCC:16-2910,,,,MF872616,,,Hymenotera
Ophiocordyceps thilosuensis,BBC47494,,PV257653,,,,,
Ophiocordyceps thilosuensis,BCC46607,,,,,,NR_201010,Dipterigena
Ophiocordyceps thilosuensis,BCC47494,PV170902,,PV274285,,PV274294,,Dipterigena
Ophiocordyceps tiputini,Ophsp.11465,KC610792,,,,,,
Ophiocordyceps tiputini,Ophtip11465,,KC610773,KC610745,KF658671,,,
Ophiocordyceps tricentri,CEM160,AB027330,AB027376,,,,,
Ophiocordyceps tricentri,HKAS 126048,,,,,,OQ935400,
Ophiocordyceps tricentri,KUMCC 5198,,,OQ440739,,,,
Ophiocordyceps tricentri,NBRC:106968,AB968393,AB968423,AB968593,,AB968554,AB968410,
Ophiocordyceps unilateralis,OSC 128574,DQ522554,DQ518768,DQ522339,DQ522385,DQ522436,,
Ophiocordyceps variabilis,ARSEF 5365,DQ522555,DQ518769,DQ522340,DQ522386,DQ522437,,
Ophiocordyceps variabilis,OMDL iNat # 225208540,,,,,,PX412722,
Ophiocordyceps vespulae,GZUCC2017064,,MN044858,MN117075,,MN117073,,
Ophiocordyceps vespulae,HKAS:102449,,,,OQ186438,,,
Ophiocordyceps vespulae,KA25-1007,PX927853,,,,,PX927853,
Ophiocordyceps xuefengensis,GZUHHN13,KC631804,KC631804,KC631790,KC631795,,KC631804,Phassus nodus
Ophiocordyceps xuefengensis,YFCC 16049246,,,,,OQ622113,,
Ophiocordyceps yakusimensis,HMAS_199604,KJ878938,KJ878902,,KJ879018,KJ878953,,
Ophiocordyceps yakusimensis,synonym_Cordyceps_yakusimensis,,,,,,AB044643,
Tolypocladium capitatum,ARSEF 1446,,KM652106,,,,,
Tolypocladium capitatum,OSC71233,AY489689,,AY489615,AY489649,,,
Tolypocladium capitatum,YFCC 881,,,,,OP223133,,
Tolypocladium inflatum,CBS 127147,,MH864439,,,,,
Tolypocladium inflatum,CBS 127302,MH864514,,,,,MH864514,
Tolypocladium inflatum,KUMCC 7769,,,OQ454520,,,,
Tolypocladium inflatum,MTCC 557,,,,JQ990875,,,
Tolypocladium inflatum,OSC 71235,,,,,EF469108,,
Tolypocladium ophioglossoides,CBS 100239,KJ878910,KJ878874,KJ878958,KJ878990,KJ878944,,
Tolypocladium ophioglossoides,CBS 139.63,,,,,,PV407373,
Tolypocladium ophioglossoides,iNAT:178438965,PZ017987,PZ017987,,,,,
Tolypocladium ophioglossoides,NBRC:106330,,,AB968603,,AB968564,,
