Species	Voucher	Gene	Reason
Hirsutella citriformis	ARSEF 1446	ITS	no voucher match
Hirsutella citriformis	ARSEF 1446	LSU	no voucher match
Hirsutella citriformis	ARSEF 1446	RPB2	no voucher match
Hirsutella citriformis	ARSEF 9180	SSU	no voucher match
Hirsutella citriformis	ARSEF 9180	LSU	no voucher match
Hirsutella citriformis	ARSEF 9180	TEF	no voucher match
Hirsutella citriformis	ARSEF 9180	RPB1	no voucher match
Hirsutella citriformis	ARSEF 9180	RPB2	no voucher match
Hirsutella citriformis	NHJ 12118	ITS	no voucher match
Hirsutella citriformis	NHJ 12118	SSU	no voucher match
Hirsutella citriformis	NHJ 12118	TEF	no voucher match
Hirsutella citriformis	NHJ 12118	RPB1	no voucher match
Hirsutella citriformis	NHJ 12118	RPB2	no voucher match
Ophiocordyceps albacongiuae	RC20	ITS	no voucher match
Ophiocordyceps albacongiuae	RC20	LSU	no voucher match
Ophiocordyceps albacongiuae	RC20	RPB1	no voucher match
Ophiocordyceps albacongiuae	RC20	RPB2	no voucher match
Ophiocordyceps amazonica	Ophama2026	ITS	no voucher match
Ophiocordyceps annulata	CEM303	ITS	no voucher match
Ophiocordyceps annulata	CEM303	RPB2	no voucher match
Ophiocordyceps anocheti	HKAS 132269	SSU	no voucher match
Ophiocordyceps anocheti	HKAS 132269	LSU	no voucher match
Ophiocordyceps anocheti	HKAS 132269	TEF	no voucher match
Ophiocordyceps anocheti	HKAS 132269	RPB1	no voucher match
Ophiocordyceps anocheti	HKAS 132269	RPB2	no voucher match
Ophiocordyceps anshunensis	GMBC 3027	LSU	no voucher match
Ophiocordyceps anshunensis	GMBC 3027	TEF	no voucher match
Ophiocordyceps anshunensis	GMBC 3027	RPB1	no voucher match
Ophiocordyceps anshunensis	GMBC 3027	RPB2	no voucher match
Ophiocordyceps aphodii	ARSEF 5498	ITS	no voucher match
Ophiocordyceps aphodii	ARSEF 5498	RPB1	no voucher match
Ophiocordyceps appendiculata	NBRC 106960	SSU	no voucher match
Ophiocordyceps appendiculata	NBRC 106960	LSU	no voucher match
Ophiocordyceps appendiculata	NBRC 106960	TEF	no voucher match
Ophiocordyceps appendiculata	NBRC 106960	RPB1	no voucher match
Ophiocordyceps appendiculata	NBRC 106960	RPB2	no voucher match
Ophiocordyceps araracuarensis	Ophful696	ITS	no voucher match
Ophiocordyceps araracuarensis	Ophsp.696	SSU	no voucher match
Ophiocordyceps araracuarensis	Ophsp.696	LSU	no voucher match
Ophiocordyceps araracuarensis	Ophsp.696	TEF	no voucher match
Ophiocordyceps araracuarensis	Ophsp.696	RPB1	no voucher match
Ophiocordyceps araracuarensis	Ophsp.696	RPB2	no voucher match
Ophiocordyceps arborescens	NBRC:105890	ITS	no voucher match
Ophiocordyceps arborescens	NBRC:105890	SSU	no voucher match
Ophiocordyceps arborescens	NBRC:105890	RPB1	no voucher match
Ophiocordyceps arborescens	NBRC:105891	LSU	no voucher match
Ophiocordyceps arborescens	NBRC:105891	TEF	no voucher match
Ophiocordyceps arborescens	NBRC:105891	RPB1	no voucher match
Ophiocordyceps arborescens	NBRC:105891	RPB2	no voucher match
Ophiocordyceps asiana	HKAS125846	ITS	no voucher match
Ophiocordyceps asiana	HKAS125846	LSU	no voucher match
Ophiocordyceps asiana	HKAS125846	TEF	no voucher match
Ophiocordyceps asiana	HKAS125846	RPB1	no voucher match
Ophiocordyceps asiana	HKAS125846	RPB2	no voucher match
Ophiocordyceps asiana	MY11878	SSU	no voucher match
Ophiocordyceps asiana	MY11878	RPB2	no voucher match
Ophiocordyceps australis	Ophaus1780	SSU	no voucher match
Ophiocordyceps australis	Ophaus1780	TEF	no voucher match
Ophiocordyceps australis	Ophaus1780	RPB1	no voucher match
Ophiocordyceps australis	Ophaus1780	RPB2	no voucher match
Ophiocordyceps australis	Ophaus1901	ITS	no voucher match
Ophiocordyceps australis	Ophaus1901	SSU	no voucher match
Ophiocordyceps australis	Ophaus1901	LSU	no voucher match
Ophiocordyceps australis	Ophaus1901	TEF	no voucher match
Ophiocordyceps australis	Ophaus1901	RPB1	no voucher match
Ophiocordyceps australis	Ophaus774	ITS	no voucher match
Ophiocordyceps australis	Ophaus774	RPB2	no voucher match
Ophiocordyceps australis	Ophaus926	ITS	no voucher match
Ophiocordyceps australis	Ophaus926	RPB2	no voucher match
Ophiocordyceps bannaensis	ant of Camponotus sp.	TEF	no voucher match
Ophiocordyceps bannaensis	ant of Camponotus sp.	RPB1	no voucher match
Ophiocordyceps bannaensis	ant of Camponotus sp.	RPB2	no voucher match
Ophiocordyceps bannaensis	GACP24-0801	ITS	no voucher match
Ophiocordyceps bannaensis	GACP24-0801	SSU	no voucher match
Ophiocordyceps bannaensis	GACP24-0801	LSU	no voucher match
Ophiocordyceps binata	Binat	ITS	no voucher match
Ophiocordyceps binata	Binat	SSU	no voucher match
Ophiocordyceps binata	Binat	TEF	no voucher match
Ophiocordyceps binata	Binat	RPB1	no voucher match
Ophiocordyceps binata	Binat	RPB2	no voucher match
Ophiocordyceps blakebarnesii	MISSOU5	ITS	no voucher match
Ophiocordyceps blakebarnesii	MISSOU5	RPB2	no voucher match
Ophiocordyceps blattarioides	Ophbla014	ITS	no voucher match
Ophiocordyceps blattarioides	Ophbla014	RPB1	no voucher match
Ophiocordyceps blattarioides	Ophbla014	RPB2	no voucher match
Ophiocordyceps blattarioides	Ophbla2098	ITS	no voucher match
Ophiocordyceps blattarioides	Ophbla2098	SSU	no voucher match
Ophiocordyceps blattarioides	Ophbla2098	LSU	no voucher match
Ophiocordyceps blattarioides	Ophbla2098	TEF	no voucher match
Ophiocordyceps blattarioides	Ophbla2098	RPB1	no voucher match
Ophiocordyceps blattarioides	Ophsp.014	ITS	no voucher match
Ophiocordyceps blattarioides	Ophsp.014	SSU	no voucher match
Ophiocordyceps blattarioides	Ophsp.014	LSU	no voucher match
Ophiocordyceps blattarioides	Ophsp.014	TEF	no voucher match
Ophiocordyceps blattarioides	Ophsp.014	RPB2	no voucher match
Ophiocordyceps brunneanigra	BCC69032	ITS	no voucher match
Ophiocordyceps brunneanigra	BCC69032	SSU	no voucher match
Ophiocordyceps brunneaperitheciata	BCC49312	ITS	no voucher match
Ophiocordyceps brunneaperitheciata	BCC49312	SSU	no voucher match
Ophiocordyceps brunneipunctata	HKAS149958	TEF	no voucher match
Ophiocordyceps brunneipunctata	HKAS149958	RPB2	no voucher match
Ophiocordyceps brunneipunctata	OSC 128576	ITS	no voucher match
Ophiocordyceps buquetii	BCC 93053	SSU	no voucher match
Ophiocordyceps buquetii	BCC 93053	LSU	no voucher match
Ophiocordyceps buquetii	BCC 93053	TEF	no voucher match
Ophiocordyceps buquetii	BCC 93053	RPB1	no voucher match
Ophiocordyceps buquetii	BCC 93053	RPB2	no voucher match
Ophiocordyceps buquetii	HMAS_199613	ITS	no voucher match
Ophiocordyceps buquetii	HMAS_199613	RPB2	no voucher match
Ophiocordyceps buquetii	HMAS_199617	ITS	no voucher match
Ophiocordyceps buquetii	HMAS_199617	RPB2	no voucher match
Ophiocordyceps calliphoridarum	GMB 3129	RPB1	no voucher match
Ophiocordyceps calliphoridarum	GMB 3131	SSU	no voucher match
Ophiocordyceps calliphoridarum	GMB 3131	LSU	no voucher match
Ophiocordyceps calliphoridarum	GMB 3131	TEF	no voucher match
Ophiocordyceps calliphoridarum	GMB 3131	RPB1	no voucher match
Ophiocordyceps calliphoridarum	GMB 3131	RPB2	no voucher match
Ophiocordyceps camponoti	ATRI3	ITS	no voucher match
Ophiocordyceps camponoti	ATRI3	RPB1	no voucher match
Ophiocordyceps camponoti	ATRI3	RPB2	no voucher match
Ophiocordyceps camponoti	C36	ITS	no voucher match
Ophiocordyceps camponoti	C36	LSU	no voucher match
Ophiocordyceps camponoti	C36	TEF	no voucher match
Ophiocordyceps camponoti	C36	RPB1	no voucher match
Ophiocordyceps camponoti	C36	RPB2	no voucher match
Ophiocordyceps camponoti	C40	ITS	no voucher match
Ophiocordyceps camponoti	C40	LSU	no voucher match
Ophiocordyceps camponoti	C40	TEF	no voucher match
Ophiocordyceps camponoti	C40	RPB1	no voucher match
Ophiocordyceps camponoti	C40	RPB2	no voucher match
Ophiocordyceps camponoti	Co24	ITS	no voucher match
Ophiocordyceps camponoti	Co24	SSU	no voucher match
Ophiocordyceps camponoti	Co24	LSU	no voucher match
Ophiocordyceps camponoti	Co24	RPB1	no voucher match
Ophiocordyceps camponoti	Co24	RPB2	no voucher match
Ophiocordyceps camponoti	Co25	ITS	no voucher match
Ophiocordyceps camponoti	Co25	SSU	no voucher match
Ophiocordyceps camponoti	Co25	LSU	no voucher match
Ophiocordyceps camponoti	Co25	RPB1	no voucher match
Ophiocordyceps camponoti	Co25	RPB2	no voucher match
Ophiocordyceps camponoti	FEMO2	ITS	no voucher match
Ophiocordyceps camponoti	FEMO2	RPB2	no voucher match
Ophiocordyceps camponoti	Flo4	ITS	no voucher match
Ophiocordyceps camponoti	Flo4	TEF	no voucher match
Ophiocordyceps camponoti	Flo4	RPB1	no voucher match
Ophiocordyceps camponoti	Flo4	RPB2	no voucher match
Ophiocordyceps camponoti	Flx2	ITS	no voucher match
Ophiocordyceps camponoti	Flx2	SSU	no voucher match
Ophiocordyceps camponoti	Flx2	LSU	no voucher match
Ophiocordyceps camponoti	Flx2	RPB1	no voucher match
Ophiocordyceps camponoti	Flx2	RPB2	no voucher match
Ophiocordyceps camponoti	G108	ITS	no voucher match
Ophiocordyceps camponoti	G108	RPB2	no voucher match
Ophiocordyceps camponoti	G143	ITS	no voucher match
Ophiocordyceps camponoti	G143	RPB2	no voucher match
Ophiocordyceps camponoti	HIPPOC	ITS	no voucher match
Ophiocordyceps camponoti	HIPPOC	RPB2	no voucher match
Ophiocordyceps camponoti	INDI2	ITS	no voucher match
Ophiocordyceps camponoti	INDI2	TEF	no voucher match
Ophiocordyceps camponoti	INDI2	RPB1	no voucher match
Ophiocordyceps camponoti	INDI2	RPB2	no voucher match
Ophiocordyceps camponoti	INPA 280294	ITS	no voucher match
Ophiocordyceps camponoti	INPA 280294	SSU	no voucher match
Ophiocordyceps camponoti	INPA 280294	LSU	no voucher match
Ophiocordyceps camponoti	INPA 280294	TEF	no voucher match
Ophiocordyceps camponoti	INPA 280294	RPB1	no voucher match
Ophiocordyceps camponoti	MFLU:22-0269	SSU	no voucher match
Ophiocordyceps camponoti	MFLU:22-0269	LSU	no voucher match
Ophiocordyceps camponoti	MFLU:22-0269	TEF	no voucher match
Ophiocordyceps camponoti	MFLU:22-0269	RPB1	no voucher match
Ophiocordyceps camponoti	MFLU:22-0269	RPB2	no voucher match
Ophiocordyceps camponoti	NIDUL2	ITS	no voucher match
Ophiocordyceps camponoti	NIDUL2	RPB2	no voucher match
Ophiocordyceps camponoti	OBIS5	ITS	no voucher match
Ophiocordyceps camponoti	OBIS5	RPB2	no voucher match
Ophiocordyceps camponoti	ORENG	ITS	no voucher match
Ophiocordyceps camponoti	ORENG	RPB1	no voucher match
Ophiocordyceps camponoti	ORENG	RPB2	no voucher match
Ophiocordyceps camponoti	YFCC 9028	ITS	no voucher match
Ophiocordyceps camponoti	YFCC 9028	SSU	no voucher match
Ophiocordyceps camponoti	YFCC 9028	TEF	no voucher match
Ophiocordyceps clavata	CEM1762	ITS	no voucher match
Ophiocordyceps clavata	CEM1762	RPB2	no voucher match
Ophiocordyceps clavata	MY12912	ITS	no voucher match
Ophiocordyceps clavata	MY12912	SSU	no voucher match
Ophiocordyceps clavata	MY12912	LSU	no voucher match
Ophiocordyceps clavata	MY12912	TEF	no voucher match
Ophiocordyceps clavata	MY12912	RPB1	no voucher match
Ophiocordyceps cochlidiicola	520621MF432	SSU	no voucher match
Ophiocordyceps cochlidiicola	520621MF432	TEF	no voucher match
Ophiocordyceps cochlidiicola	520621MF432	RPB1	no voucher match
Ophiocordyceps cochlidiicola	520621MF432	RPB2	no voucher match
Ophiocordyceps cochlidiicola	HMAS_199612	ITS	no voucher match
Ophiocordyceps cochlidiicola	HMAS_199612	RPB2	no voucher match
Ophiocordyceps communis	BCC 2754	SSU	no voucher match
Ophiocordyceps communis	BCC 2754	LSU	no voucher match
Ophiocordyceps communis	BCC 2754	TEF	no voucher match
Ophiocordyceps communis	BCC 2754	RPB2	no voucher match
Ophiocordyceps communis	NHJ 12581	ITS	no voucher match
Ophiocordyceps communis	NHJ 12581	RPB1	no voucher match
Ophiocordyceps corriemoreau	C2014A	ITS	no voucher match
Ophiocordyceps corriemoreau	C2014A	SSU	no voucher match
Ophiocordyceps corriemoreau	C2014A	LSU	no voucher match
Ophiocordyceps corriemoreau	C2014A	TEF	no voucher match
Ophiocordyceps corriemoreau	C2014A	RPB1	no voucher match
Ophiocordyceps corriemoreauae	C2014A	ITS	no voucher match
Ophiocordyceps corriemoreauae	C2014A	TEF	no voucher match
Ophiocordyceps corriemoreauae	C2014A	RPB2	no voucher match
Ophiocordyceps crinalis	GDGM 17327	ITS	no voucher match
Ophiocordyceps crinalis	GDGM 17327	RPB2	no voucher match
Ophiocordyceps crinalis	HKAS:102447	ITS	no voucher match
Ophiocordyceps crinalis	HKAS:102447	SSU	no voucher match
Ophiocordyceps crinalis	HKAS:102447	LSU	no voucher match
Ophiocordyceps crinalis	HKAS:102447	TEF	no voucher match
Ophiocordyceps crinalis	HKAS:102447	RPB1	no voucher match
Ophiocordyceps crinalis	KUMCC 5194	SSU	no voucher match
Ophiocordyceps crinalis	KUMCC 5194	LSU	no voucher match
Ophiocordyceps crinalis	KUMCC 5194	TEF	no voucher match
Ophiocordyceps crinalis	KUMCC 5194	RPB1	no voucher match
Ophiocordyceps crinalis	KUMCC 5194	RPB2	no voucher match
Ophiocordyceps curculionum	IAvH-TRI-MR160	SSU	no voucher match
Ophiocordyceps curculionum	IAvH-TRI-MR160	LSU	no voucher match
Ophiocordyceps curculionum	IAvH-TRI-MR160	TEF	no voucher match
Ophiocordyceps curculionum	IAvH-TRI-MR160	RPB1	no voucher match
Ophiocordyceps curculionum	IAvH-TRI-MR160	RPB2	no voucher match
Ophiocordyceps curculionum	OSC 151910	ITS	no voucher match
Ophiocordyceps curculionum	OSC 151910	TEF	no voucher match
Ophiocordyceps curculionum	OSC 151910	RPB2	no voucher match
Ophiocordyceps cylindrospora	HKAS 148937	ITS	no voucher match
Ophiocordyceps cylindrospora	HKAS 148937	SSU	no voucher match
Ophiocordyceps cylindrospora	HKAS 148937	LSU	no voucher match
Ophiocordyceps cylindrospora	HKAS 148937	RPB2	no voucher match
Ophiocordyceps cylindrospora	MFLU:17-1961	TEF	no voucher match
Ophiocordyceps cylindrospora	MFLU:17-1961	RPB1	no voucher match
Ophiocordyceps daceti	MF01	ITS	no voucher match
Ophiocordyceps daceti	MF01	SSU	no voucher match
Ophiocordyceps daceti	MF01	RPB1	no voucher match
Ophiocordyceps daceti	MF01	RPB2	no voucher match
Ophiocordyceps daceti	MF90	ITS	no voucher match
Ophiocordyceps daceti	MF90	LSU	no voucher match
Ophiocordyceps daceti	MF90	TEF	no voucher match
Ophiocordyceps daceti	MF90	RPB1	no voucher match
Ophiocordyceps daceti	MF90	RPB2	no voucher match
Ophiocordyceps diabolica	BDS32	ITS	no voucher match
Ophiocordyceps diabolica	BDS32	RPB1	no voucher match
Ophiocordyceps diabolica	BDS32	RPB2	no voucher match
Ophiocordyceps dipterigena	MRCIF71	SSU	no voucher match
Ophiocordyceps dipterigena	MRCIF71	LSU	no voucher match
Ophiocordyceps dipterigena	MRCIF71	TEF	no voucher match
Ophiocordyceps dipterigena	MRCIF71	RPB1	no voucher match
Ophiocordyceps dipterigena	MRCIF71	RPB2	no voucher match
Ophiocordyceps dipterigena	Ophdip899	ITS	no voucher match
Ophiocordyceps dipterigena	Ophdip899	SSU	no voucher match
Ophiocordyceps dipterigena	Ophdip899	LSU	no voucher match
Ophiocordyceps dipterigena	Ophdip899	TEF	no voucher match
Ophiocordyceps dipterigena	Ophdip899	RPB1	no voucher match
Ophiocordyceps dipterigena	OSC 151911	ITS	no voucher match
Ophiocordyceps dipterigena	OSC 151911	RPB2	no voucher match
Ophiocordyceps dipterigena	OSC 151912	ITS	no voucher match
Ophiocordyceps dipterigena	OSC 151912	RPB2	no voucher match
Ophiocordyceps ditmarii	WU42993	TEF	no voucher match
Ophiocordyceps ditmarii	WU42993	RPB1	no voucher match
Ophiocordyceps ditmarii	WU42993	RPB2	no voucher match
Ophiocordyceps elongata	OSC 110989	ITS	no voucher match
Ophiocordyceps elongata	OSC 110989	SSU	no voucher match
Ophiocordyceps elongata	OSC 110989	RPB2	no voucher match
Ophiocordyceps evansii	Ophsp.858	RPB2	no voucher match
Ophiocordyceps evansii	Ophsp.912	SSU	no voucher match
Ophiocordyceps evansii	Ophsp.912	LSU	no voucher match
Ophiocordyceps evansii	Ophsp.912	TEF	no voucher match
Ophiocordyceps evansii	Ophsp.912	RPB1	no voucher match
Ophiocordyceps evansii	Ophsp.912	RPB2	no voucher match
Ophiocordyceps floriformis	BBH51295	RPB1	no voucher match
Ophiocordyceps formicarum	1	SSU	no voucher match
Ophiocordyceps formicarum	1	LSU	no voucher match
Ophiocordyceps formicarum	1	TEF	no voucher match
Ophiocordyceps formicarum	1	RPB1	no voucher match
Ophiocordyceps formicarum	1	RPB2	no voucher match
Ophiocordyceps formicarum	TNS F18565	ITS	no voucher match
Ophiocordyceps formosana	HS0825-01	TEF	no voucher match
Ophiocordyceps formosana	HS0825-01	RPB1	no voucher match
Ophiocordyceps formosana	HS0825-01	RPB2	no voucher match
Ophiocordyceps formosana	TNM F13893	ITS	no voucher match
Ophiocordyceps formosana	TNM F13893	LSU	no voucher match
Ophiocordyceps forquignonii	OSC 151902	ITS	no voucher match
Ophiocordyceps forquignonii	OSC 151902	TEF	no voucher match
Ophiocordyceps fulgoromorphila	Ophara717	ITS	no voucher match
Ophiocordyceps fulgoromorphila	Ophara717	SSU	no voucher match
Ophiocordyceps fulgoromorphila	Ophsp.717	ITS	no voucher match
Ophiocordyceps fulgoromorphila	Ophsp.717	LSU	no voucher match
Ophiocordyceps fulgoromorphila	Ophsp.717	TEF	no voucher match
Ophiocordyceps fulgoromorphila	Ophsp.717	RPB1	no voucher match
Ophiocordyceps fulgoromorphila	Ophsp.717	RPB2	no voucher match
Ophiocordyceps geometridicola	BCC35947	ITS	no voucher match
Ophiocordyceps geometridicola	BCC35947	SSU	no voucher match
Ophiocordyceps globiceps	MFLUCC 18-0495	RPB1	no voucher match
Ophiocordyceps globiceps	MFLUCC 18-0495	RPB2	no voucher match
Ophiocordyceps gracilis	EFCC 3101	ITS	no voucher match
Ophiocordyceps gracilis	EFCC 8572	SSU	no voucher match
Ophiocordyceps gracilis	EFCC 8572	LSU	no voucher match
Ophiocordyceps gracilis	EFCC 8572	TEF	no voucher match
Ophiocordyceps gracilis	EFCC 8572	RPB1	no voucher match
Ophiocordyceps gracilis	EFCC 8572	RPB2	no voucher match
Ophiocordyceps gracillisima	Ophgrc679	ITS	no voucher match
Ophiocordyceps gracillisima	Ophgrc679	SSU	no voucher match
Ophiocordyceps gracillisima	Ophgrc679	RPB2	no voucher match
Ophiocordyceps granospora	BCC82255	ITS	no voucher match
Ophiocordyceps granospora	BCC82255	SSU	no voucher match
Ophiocordyceps granospora	OSC 128579	ITS	no voucher match
Ophiocordyceps granospora	OSC 128579	RPB2	no voucher match
Ophiocordyceps halabalaensis	MY1308	RPB1	no voucher match
Ophiocordyceps halabalaensis	MY1308	RPB2	no voucher match
Ophiocordyceps halabalaensis	MY5151	SSU	no voucher match
Ophiocordyceps halabalaensis	MY5151	TEF	no voucher match
Ophiocordyceps halabalaensis	MY5151	RPB1	no voucher match
Ophiocordyceps halabalaensis	MY5151	RPB2	no voucher match
Ophiocordyceps humbertii	MF116A	ITS	no voucher match
Ophiocordyceps humbertii	MF116A	TEF	no voucher match
Ophiocordyceps humbertii	MF116A	RPB2	no voucher match
Ophiocordyceps humbertii	MF116B	ITS	no voucher match
Ophiocordyceps humbertii	MF116B	SSU	no voucher match
Ophiocordyceps humbertii	MF116B	LSU	no voucher match
Ophiocordyceps humbertii	MF116B	TEF	no voucher match
Ophiocordyceps humbertii	MF116B	RPB2	no voucher match
Ophiocordyceps khaoyaiensis	BCC82796	ITS	no voucher match
Ophiocordyceps khaoyaiensis	BCC82796	SSU	no voucher match
Ophiocordyceps kimflemingiae	SC30	ITS	no voucher match
Ophiocordyceps kimflemingiae	SC30	RPB2	no voucher match
Ophiocordyceps kniphofioides	HUA TSF 790	ITS	no voucher match
Ophiocordyceps kniphofioides	HUA TSF 790	RPB2	no voucher match
Ophiocordyceps kniphofioides	MF90	ITS	no voucher match
Ophiocordyceps kniphofioides	MF90	TEF	no voucher match
Ophiocordyceps kniphofioides	MF90	RPB2	no voucher match
Ophiocordyceps kniphofioides	Ophkni727	ITS	no voucher match
Ophiocordyceps kniphofioides	Ophkni727	SSU	no voucher match
Ophiocordyceps kniphofioides	Ophkni727	LSU	no voucher match
Ophiocordyceps kniphofioides	Ophkni727	TEF	no voucher match
Ophiocordyceps kniphofioides	Ophkni727	RPB1	no voucher match
Ophiocordyceps kniphofioides	PCFB	SSU	no voucher match
Ophiocordyceps kniphofioides	PCFB	LSU	no voucher match
Ophiocordyceps kniphofioides	PCFB	TEF	no voucher match
Ophiocordyceps kniphofioides	PCFB	RPB1	no voucher match
Ophiocordyceps kniphofioides	PCFB	RPB2	no voucher match
Ophiocordyceps konnoana	EFCC 7315	ITS	no voucher match
Ophiocordyceps konnoana	EFCC 7315	LSU	no voucher match
Ophiocordyceps konnoana	OTU0780	SSU	no voucher match
Ophiocordyceps konnoana	OTU0780	LSU	no voucher match
Ophiocordyceps konnoana	OTU0780	TEF	no voucher match
Ophiocordyceps konnoana	OTU0780	RPB1	no voucher match
Ophiocordyceps konnoana	OTU0780	RPB2	no voucher match
Ophiocordyceps lanpingensis	CS96	TEF	no voucher match
Ophiocordyceps lanpingensis	CS96	RPB1	no voucher match
Ophiocordyceps lanpingensis	CS96	RPB2	no voucher match
Ophiocordyceps lanpingensis	KUMCC 5190	SSU	no voucher match
Ophiocordyceps lanpingensis	KUMCC 5190	LSU	no voucher match
Ophiocordyceps lanpingensis	KUMCC 5190	TEF	no voucher match
Ophiocordyceps lanpingensis	KUMCC 5190	RPB1	no voucher match
Ophiocordyceps lanpingensis	KUMCC 5190	RPB2	no voucher match
Ophiocordyceps lanpingensis	YHOS0705	ITS	no voucher match
Ophiocordyceps lanpingensis	YHOS0705	SSU	no voucher match
Ophiocordyceps laosensis	GMB 3138	SSU	no voucher match
Ophiocordyceps laosensis	GMB 3138	LSU	no voucher match
Ophiocordyceps laosensis	GMB 3138	TEF	no voucher match
Ophiocordyceps laosensis	GMB 3138	RPB1	no voucher match
Ophiocordyceps laosensis	GMB 3138	RPB2	no voucher match
Ophiocordyceps laotii	BCC 76495	SSU	no voucher match
Ophiocordyceps laotii	BCC 76495	RPB2	no voucher match
Ophiocordyceps laotii	BCC 76497	ITS	no voucher match
Ophiocordyceps laotii	BCC 76497	LSU	no voucher match
Ophiocordyceps laotii	BCC 76497	TEF	no voucher match
Ophiocordyceps laotii	BCC 76497	RPB1	no voucher match
Ophiocordyceps laotii	BCC 76497	RPB2	no voucher match
Ophiocordyceps lloydii	OSC 151913	ITS	no voucher match
Ophiocordyceps lloydii	Pan-OY01	SSU	no voucher match
Ophiocordyceps lloydii	Pan-OY01	LSU	no voucher match
Ophiocordyceps lloydii	Pan-OY01	TEF	no voucher match
Ophiocordyceps lloydii	Pan-OY01	RPB1	no voucher match
Ophiocordyceps lloydii	Pan-OY01	RPB2	no voucher match
Ophiocordyceps longissima	Cod-SN1402	SSU	no voucher match
Ophiocordyceps longissima	Cod-SN1402	LSU	no voucher match
Ophiocordyceps longissima	Cod-SN1402	TEF	no voucher match
Ophiocordyceps longissima	Cod-SN1402	RPB1	no voucher match
Ophiocordyceps longissima	Cod-SN1402	RPB2	no voucher match
Ophiocordyceps longissima	NBRC:106965	ITS	no voucher match
Ophiocordyceps longissima	NBRC:106965	SSU	no voucher match
Ophiocordyceps longissima	NBRC:106965	LSU	no voucher match
Ophiocordyceps longissima	NBRC:106965	TEF	no voucher match
Ophiocordyceps longissima	NBRC:106965	RPB1	no voucher match
Ophiocordyceps longissima	TNS F18448	ITS	no voucher match
Ophiocordyceps longissima	TNS F18448	RPB2	no voucher match
Ophiocordyceps macroacicularis	BCC22918	ITS	no voucher match
Ophiocordyceps macroacicularis	BCC22918	SSU	no voucher match
Ophiocordyceps macroacicularis	NBRC:100685	LSU	no voucher match
Ophiocordyceps macroacicularis	NBRC:100685	TEF	no voucher match
Ophiocordyceps macroacicularis	NBRC:100685	RPB1	no voucher match
Ophiocordyceps macroacicularis	NBRC:100685	RPB2	no voucher match
Ophiocordyceps macroacicularis	NBRC:105888	ITS	no voucher match
Ophiocordyceps macroacicularis	NBRC:105888	SSU	no voucher match
Ophiocordyceps macroacicularis	NBRC:105888	RPB1	no voucher match
Ophiocordyceps megacuculla	BCC82258	ITS	no voucher match
Ophiocordyceps megacuculla	BCC82258	SSU	no voucher match
Ophiocordyceps melolonthae	iNAT:13875275	TEF	no voucher match
Ophiocordyceps melolonthae	iNAT:13875275	RPB1	no voucher match
Ophiocordyceps melolonthae	iNAT:13875275	RPB2	no voucher match
Ophiocordyceps melolonthae	OSC 110993	ITS	no voucher match
Ophiocordyceps melolonthae	OSC 110993	RPB2	no voucher match
Ophiocordyceps mizoramensis	OCCMZ001	ITS	no voucher match
Ophiocordyceps mizoramensis	OCCMZ001	RPB1	no voucher match
Ophiocordyceps mizoramensis	OCCMZ001	RPB2	no voucher match
Ophiocordyceps monacidis	MF74	ITS	no voucher match
Ophiocordyceps monacidis	MF74	TEF	no voucher match
Ophiocordyceps monacidis	MF74	RPB2	no voucher match
Ophiocordyceps multiperitheciata	BCC22861	ITS	no voucher match
Ophiocordyceps multiperitheciata	BCC22861	SSU	no voucher match
Ophiocordyceps muscae	BBC73607	ITS	no voucher match
Ophiocordyceps muscae	BBC73607	SSU	no voucher match
Ophiocordyceps muscae	BBC73607	TEF	no voucher match
Ophiocordyceps muscae	BBC73607	RPB1	no voucher match
Ophiocordyceps muscae	BBC73607	RPB2	no voucher match
Ophiocordyceps muscae	BCC73607	ITS	no voucher match
Ophiocordyceps muscae	BCC73607	SSU	no voucher match
Ophiocordyceps muscae	BCC73607	LSU	no voucher match
Ophiocordyceps muscae	BCC73607	RPB1	no voucher match
Ophiocordyceps muscae	BCC73616	SSU	no voucher match
Ophiocordyceps muscae	BCC73616	LSU	no voucher match
Ophiocordyceps muscae	BCC73616	TEF	no voucher match
Ophiocordyceps muscae	BCC73616	RPB1	no voucher match
Ophiocordyceps muscae	BCC73616	RPB2	no voucher match
Ophiocordyceps muscae	GMB 3136	ITS	no voucher match
Ophiocordyceps muscae	GMB 3136	LSU	no voucher match
Ophiocordyceps muscae	GMB 3136	TEF	no voucher match
Ophiocordyceps muscae	GMB 3136	RPB1	no voucher match
Ophiocordyceps muscae	GMB 3136	RPB2	no voucher match
Ophiocordyceps muscidarum	HKAS 132178	RPB1	no voucher match
Ophiocordyceps myrmecophila	HMAS_199620	ITS	no voucher match
Ophiocordyceps myrmecophila	HMAS_199620	RPB2	no voucher match
Ophiocordyceps myrmecophila	Liyi4389	SSU	no voucher match
Ophiocordyceps myrmecophila	Liyi4389	LSU	no voucher match
Ophiocordyceps myrmecophila	Liyi4389	TEF	no voucher match
Ophiocordyceps myrmecophila	Liyi4389	RPB1	no voucher match
Ophiocordyceps myrmecophila	Liyi4389	RPB2	no voucher match
Ophiocordyceps naomipierceae	DAWKSANT	ITS	no voucher match
Ophiocordyceps naomipierceae	DAWKSANT	TEF	no voucher match
Ophiocordyceps naomipierceae	DAWKSANT	RPB2	no voucher match
Ophiocordyceps neonutans	FMF88	TEF	no voucher match
Ophiocordyceps neonutans	FMF88	RPB1	no voucher match
Ophiocordyceps neonutans	FMF88	RPB2	no voucher match
Ophiocordyceps neonutans	KEL110	ITS	no voucher match
Ophiocordyceps neonutans	KEL110	LSU	no voucher match
Ophiocordyceps neonutans	KEL110	TEF	no voucher match
Ophiocordyceps neonutans	KEL110	RPB1	no voucher match
Ophiocordyceps neonutans	KEL110	RPB2	no voucher match
Ophiocordyceps neonutans	KEL113	ITS	no voucher match
Ophiocordyceps neonutans	KEL113	LSU	no voucher match
Ophiocordyceps neonutans	KEL113	TEF	no voucher match
Ophiocordyceps neonutans	KEL113	RPB1	no voucher match
Ophiocordyceps neonutans	KEL113	RPB2	no voucher match
Ophiocordyceps neonutans	KEL114	ITS	no voucher match
Ophiocordyceps neonutans	KEL114	TEF	no voucher match
Ophiocordyceps neonutans	KEL114	RPB1	no voucher match
Ophiocordyceps neonutans	KEL114	RPB2	no voucher match
Ophiocordyceps neonutans	KEL138	ITS	no voucher match
Ophiocordyceps neonutans	KEL138	TEF	no voucher match
Ophiocordyceps neonutans	KEL138	RPB1	no voucher match
Ophiocordyceps neonutans	KEL138	RPB2	no voucher match
Ophiocordyceps neonutans	KEL142	ITS	no voucher match
Ophiocordyceps neonutans	KEL142	LSU	no voucher match
Ophiocordyceps neonutans	KEL142	TEF	no voucher match
Ophiocordyceps neonutans	KEL142	RPB1	no voucher match
Ophiocordyceps neonutans	KEL142	RPB2	no voucher match
Ophiocordyceps neovolkiana	NFCCI:4331	SSU	no voucher match
Ophiocordyceps neovolkiana	NFCCI:4331	LSU	no voucher match
Ophiocordyceps neovolkiana	NFCCI:4331	TEF	no voucher match
Ophiocordyceps neovolkiana	NFCCI:4331	RPB1	no voucher match
Ophiocordyceps neovolkiana	NFCCI:4331	RPB2	no voucher match
Ophiocordyceps neovolkiana	OSC 151903	ITS	no voucher match
Ophiocordyceps neovolkiana	OSC 151903	RPB2	no voucher match
Ophiocordyceps nutans	104-50	SSU	no voucher match
Ophiocordyceps nutans	104-50	TEF	no voucher match
Ophiocordyceps nutans	104-50	RPB1	no voucher match
Ophiocordyceps nutans	104-50	RPB2	no voucher match
Ophiocordyceps nutans	11BidoupNLU	ITS	no voucher match
Ophiocordyceps nutans	11BidoupNLU	SSU	no voucher match
Ophiocordyceps nutans	11BidoupNLU	TEF	no voucher match
Ophiocordyceps nutans	11BidoupNLU	RPB1	no voucher match
Ophiocordyceps nutans	11BidoupNLU	RPB2	no voucher match
Ophiocordyceps nutans	12BidoupNLU	ITS	no voucher match
Ophiocordyceps nutans	12BidoupNLU	SSU	no voucher match
Ophiocordyceps nutans	12BidoupNLU	TEF	no voucher match
Ophiocordyceps nutans	12BidoupNLU	RPB1	no voucher match
Ophiocordyceps nutans	12BidoupNLU	RPB2	no voucher match
Ophiocordyceps nutans	15BidoupNLU	ITS	no voucher match
Ophiocordyceps nutans	15BidoupNLU	SSU	no voucher match
Ophiocordyceps nutans	15BidoupNLU	TEF	no voucher match
Ophiocordyceps nutans	15BidoupNLU	RPB1	no voucher match
Ophiocordyceps nutans	15BidoupNLU	RPB2	no voucher match
Ophiocordyceps nutans	20886	ITS	no voucher match
Ophiocordyceps nutans	20886	LSU	no voucher match
Ophiocordyceps nutans	20886	TEF	no voucher match
Ophiocordyceps nutans	20886	RPB1	no voucher match
Ophiocordyceps nutans	20886	RPB2	no voucher match
Ophiocordyceps nutans	420526MF0525	ITS	no voucher match
Ophiocordyceps nutans	420526MF0525	SSU	no voucher match
Ophiocordyceps nutans	420526MF0525	TEF	no voucher match
Ophiocordyceps nutans	420526MF0525	RPB1	no voucher match
Ophiocordyceps nutans	420526MF0525	RPB2	no voucher match
Ophiocordyceps nutans	420526MF0895	ITS	no voucher match
Ophiocordyceps nutans	420526MF0895	SSU	no voucher match
Ophiocordyceps nutans	420526MF0895	TEF	no voucher match
Ophiocordyceps nutans	420526MF0895	RPB1	no voucher match
Ophiocordyceps nutans	420526MF0895	RPB2	no voucher match
Ophiocordyceps nutans	CPA50	ITS	no voucher match
Ophiocordyceps nutans	CPA50	TEF	no voucher match
Ophiocordyceps nutans	CPA50	RPB1	no voucher match
Ophiocordyceps nutans	CPA50	RPB2	no voucher match
Ophiocordyceps nutans	FI935	ITS	no voucher match
Ophiocordyceps nutans	FI935	SSU	no voucher match
Ophiocordyceps nutans	FI935	TEF	no voucher match
Ophiocordyceps nutans	FI935	RPB1	no voucher match
Ophiocordyceps nutans	FI935	RPB2	no voucher match
Ophiocordyceps nutans	FI942	ITS	no voucher match
Ophiocordyceps nutans	FI942	SSU	no voucher match
Ophiocordyceps nutans	FI942	TEF	no voucher match
Ophiocordyceps nutans	FI942	RPB1	no voucher match
Ophiocordyceps nutans	FI942	RPB2	no voucher match
Ophiocordyceps nutans	G97033	ITS	no voucher match
Ophiocordyceps nutans	G97033	TEF	no voucher match
Ophiocordyceps nutans	G97033	RPB1	no voucher match
Ophiocordyceps nutans	G97033	RPB2	no voucher match
Ophiocordyceps nutans	G97035	ITS	no voucher match
Ophiocordyceps nutans	G97035	TEF	no voucher match
Ophiocordyceps nutans	G97035	RPB1	no voucher match
Ophiocordyceps nutans	G97035	RPB2	no voucher match
Ophiocordyceps nutans	GMBC 3024	ITS	no voucher match
Ophiocordyceps nutans	GMBC 3024	TEF	no voucher match
Ophiocordyceps nutans	GMBC 3024	RPB1	no voucher match
Ophiocordyceps nutans	HB0201	ITS	no voucher match
Ophiocordyceps nutans	HB0201	LSU	no voucher match
Ophiocordyceps nutans	HB0201	TEF	no voucher match
Ophiocordyceps nutans	HB0201	RPB1	no voucher match
Ophiocordyceps nutans	HB0201	RPB2	no voucher match
Ophiocordyceps nutans	HB0202	ITS	no voucher match
Ophiocordyceps nutans	HB0202	LSU	no voucher match
Ophiocordyceps nutans	HB0202	TEF	no voucher match
Ophiocordyceps nutans	HB0202	RPB1	no voucher match
Ophiocordyceps nutans	HB0202	RPB2	no voucher match
Ophiocordyceps nutans	HKAS 126065	ITS	no voucher match
Ophiocordyceps nutans	HKAS 126065	SSU	no voucher match
Ophiocordyceps nutans	HKAS 126065	TEF	no voucher match
Ophiocordyceps nutans	HKAS 126065	RPB1	no voucher match
Ophiocordyceps nutans	HKAS 126065	RPB2	no voucher match
Ophiocordyceps nutans	HKAS 126074	ITS	no voucher match
Ophiocordyceps nutans	HKAS 126074	TEF	no voucher match
Ophiocordyceps nutans	HKAS 126074	RPB1	no voucher match
Ophiocordyceps nutans	HKAS 126074	RPB2	no voucher match
Ophiocordyceps nutans	HKAS 126077	ITS	no voucher match
Ophiocordyceps nutans	HKAS 126077	TEF	no voucher match
Ophiocordyceps nutans	HKAS 126077	RPB1	no voucher match
Ophiocordyceps nutans	HKAS 126077	RPB2	no voucher match
Ophiocordyceps nutans	HKAS122491	ITS	no voucher match
Ophiocordyceps nutans	HKAS122491	SSU	no voucher match
Ophiocordyceps nutans	HKAS122491	TEF	no voucher match
Ophiocordyceps nutans	HKAS122491	RPB1	no voucher match
Ophiocordyceps nutans	HKAS122491	RPB2	no voucher match
Ophiocordyceps nutans	HKAS:102461	ITS	no voucher match
Ophiocordyceps nutans	HKAS:102461	TEF	no voucher match
Ophiocordyceps nutans	HKAS:102461	RPB1	no voucher match
Ophiocordyceps nutans	HKAS:102461	RPB2	no voucher match
Ophiocordyceps nutans	HMIGD 20876	ITS	no voucher match
Ophiocordyceps nutans	HMIGD 20876	SSU	no voucher match
Ophiocordyceps nutans	HMIGD 20876	LSU	no voucher match
Ophiocordyceps nutans	HMIGD 20876	TEF	no voucher match
Ophiocordyceps nutans	HMIGD 20876	RPB1	no voucher match
Ophiocordyceps nutans	HMJAU63522	ITS	no voucher match
Ophiocordyceps nutans	HMJAU63522	TEF	no voucher match
Ophiocordyceps nutans	HMJAU63522	RPB1	no voucher match
Ophiocordyceps nutans	HMJAU63522	RPB2	no voucher match
Ophiocordyceps nutans	iNaturalist#84633145	ITS	no voucher match
Ophiocordyceps nutans	iNaturalist#84633145	TEF	no voucher match
Ophiocordyceps nutans	iNaturalist#84633145	RPB1	no voucher match
Ophiocordyceps nutans	iNaturalist#84633145	RPB2	no voucher match
Ophiocordyceps nutans	iNaturalist#84633564	ITS	no voucher match
Ophiocordyceps nutans	iNaturalist#84633564	TEF	no voucher match
Ophiocordyceps nutans	iNaturalist#84633564	RPB1	no voucher match
Ophiocordyceps nutans	iNaturalist#84633564	RPB2	no voucher match
Ophiocordyceps nutans	KA12-1340	ITS	no voucher match
Ophiocordyceps nutans	KA12-1340	LSU	no voucher match
Ophiocordyceps nutans	KA12-1340	TEF	no voucher match
Ophiocordyceps nutans	KA12-1340	RPB1	no voucher match
Ophiocordyceps nutans	KA12-1340	RPB2	no voucher match
Ophiocordyceps nutans	KACC500169	ITS	no voucher match
Ophiocordyceps nutans	KACC500169	TEF	no voucher match
Ophiocordyceps nutans	KACC500169	RPB1	no voucher match
Ophiocordyceps nutans	KACC500169	RPB2	no voucher match
Ophiocordyceps nutans	l	ITS	no voucher match
Ophiocordyceps nutans	l	LSU	no voucher match
Ophiocordyceps nutans	l	TEF	no voucher match
Ophiocordyceps nutans	l	RPB1	no voucher match
Ophiocordyceps nutans	l	RPB2	no voucher match
Ophiocordyceps nutans	Liyi2048	ITS	no voucher match
Ophiocordyceps nutans	Liyi2048	TEF	no voucher match
Ophiocordyceps nutans	Liyi2048	RPB1	no voucher match
Ophiocordyceps nutans	Liyi2048	RPB2	no voucher match
Ophiocordyceps nutans	MHHNU 30295	ITS	no voucher match
Ophiocordyceps nutans	MHHNU 30295	SSU	no voucher match
Ophiocordyceps nutans	MHHNU 30295	TEF	no voucher match
Ophiocordyceps nutans	MHHNU 30295	RPB1	no voucher match
Ophiocordyceps nutans	MHHNU 30295	RPB2	no voucher match
Ophiocordyceps nutans	NBRC 100944	ITS	no voucher match
Ophiocordyceps nutans	NBRC:101749	RPB1	no voucher match
Ophiocordyceps nutans	NXS92	ITS	no voucher match
Ophiocordyceps nutans	NXS92	SSU	no voucher match
Ophiocordyceps nutans	NXS92	TEF	no voucher match
Ophiocordyceps nutans	NXS92	RPB1	no voucher match
Ophiocordyceps nutans	NXS92	RPB2	no voucher match
Ophiocordyceps nutans	Oph994	ITS	no voucher match
Ophiocordyceps nutans	Oph994	SSU	no voucher match
Ophiocordyceps nutans	Oph994	TEF	no voucher match
Ophiocordyceps nutans	Oph994	RPB1	no voucher match
Ophiocordyceps nutans	Oph994	RPB2	no voucher match
Ophiocordyceps nutans	OSC 110994	ITS	no voucher match
Ophiocordyceps nutans	OSC 110994	RPB2	no voucher match
Ophiocordyceps nutans	SICAU 24-0164	ITS	no voucher match
Ophiocordyceps nutans	SICAU 24-0164	SSU	no voucher match
Ophiocordyceps nutans	SICAU 24-0164	LSU	no voucher match
Ophiocordyceps nutans	SICAU 24-0164	TEF	no voucher match
Ophiocordyceps nutans	SICAU 24-0164-1	ITS	no voucher match
Ophiocordyceps nutans	SICAU 24-0165	ITS	no voucher match
Ophiocordyceps nutans	SICAU 24-0165	SSU	no voucher match
Ophiocordyceps nutans	XS58	ITS	no voucher match
Ophiocordyceps nutans	XS58	TEF	no voucher match
Ophiocordyceps nutans	XS58	RPB1	no voucher match
Ophiocordyceps nutans	XS58	RPB2	no voucher match
Ophiocordyceps nutans	YU0412	ITS	no voucher match
Ophiocordyceps nutans	YU0412	TEF	no voucher match
Ophiocordyceps nutans	YU0412	RPB1	no voucher match
Ophiocordyceps nutans	YU0412	RPB2	no voucher match
Ophiocordyceps odonatae	Liyi4844	TEF	no voucher match
Ophiocordyceps odonatae	Liyi4844	RPB1	no voucher match
Ophiocordyceps odonatae	Liyi4844	RPB2	no voucher match
Ophiocordyceps odonatae	TNS F18563	ITS	no voucher match
Ophiocordyceps odonatae	TNS F18563	SSU	no voucher match
Ophiocordyceps odonatae	TNS F18563	TEF	no voucher match
Ophiocordyceps odonatae	TNS F18563	RPB2	no voucher match
Ophiocordyceps odontomachi	Odonto1	ITS	no voucher match
Ophiocordyceps odontomachi	Odonto1	SSU	no voucher match
Ophiocordyceps odontomachi	Odonto1	TEF	no voucher match
Ophiocordyceps odontomachi	Odonto1	RPB2	no voucher match
Ophiocordyceps oecophyllae	BRIP 62635a	RPB1	no voucher match
Ophiocordyceps oecophyllae	BRIP 62635a	RPB2	no voucher match
Ophiocordyceps oecophyllae	OECO1	ITS	no voucher match
Ophiocordyceps oecophyllae	OECO1	LSU	no voucher match
Ophiocordyceps oecophyllae	OECO1	TEF	no voucher match
Ophiocordyceps oecophyllae	OECO1	RPB1	no voucher match
Ophiocordyceps oecophyllae	OECO1	RPB2	no voucher match
Ophiocordyceps ootakii	J13	ITS	no voucher match
Ophiocordyceps ootakii	J13	RPB2	no voucher match
Ophiocordyceps oxycephala	HMIGD 20878	ITS	no voucher match
Ophiocordyceps oxycephala	HMIGD 20878	SSU	no voucher match
Ophiocordyceps oxycephala	HMIGD 20878	LSU	no voucher match
Ophiocordyceps oxycephala	HMIGD 20878	TEF	no voucher match
Ophiocordyceps oxycephala	HMIGD 20878	RPB1	no voucher match
Ophiocordyceps oxycephala	KUMCC 5193	SSU	no voucher match
Ophiocordyceps oxycephala	KUMCC 5193	TEF	no voucher match
Ophiocordyceps oxycephala	KUMCC 5193	RPB1	no voucher match
Ophiocordyceps oxycephala	KUMCC 5193	RPB2	no voucher match
Ophiocordyceps oxycephala	wyhxz-2	ITS	no voucher match
Ophiocordyceps oxycephala	wyhxz-2	LSU	no voucher match
Ophiocordyceps oxycephala	wyhxz-2	TEF	no voucher match
Ophiocordyceps oxycephala	wyhxz-2	RPB1	no voucher match
Ophiocordyceps oxycephala	wyhxz-2	RPB2	no voucher match
Ophiocordyceps paltothyrei	Palt1	ITS	no voucher match
Ophiocordyceps paltothyrei	Palt1	TEF	no voucher match
Ophiocordyceps paltothyrei	Palt1	RPB2	no voucher match
Ophiocordyceps paltothyrei	Palt2	ITS	no voucher match
Ophiocordyceps paltothyrei	Palt2	TEF	no voucher match
Ophiocordyceps paltothyrei	Palt2	RPB2	no voucher match
Ophiocordyceps pauciovoperitheciata	BCC53615	ITS	no voucher match
Ophiocordyceps pauciovoperitheciata	BCC53615	SSU	no voucher match
Ophiocordyceps philippinensis	BBC22048	ITS	no voucher match
Ophiocordyceps philippinensis	BBC22048	SSU	no voucher match
Ophiocordyceps philippinensis	BBC22048	TEF	no voucher match
Ophiocordyceps philippinensis	BBC22048	RPB1	no voucher match
Ophiocordyceps philippinensis	BBC22048	RPB2	no voucher match
Ophiocordyceps philippinensis	BCC22048	ITS	no voucher match
Ophiocordyceps philippinensis	BCC22048	SSU	no voucher match
Ophiocordyceps philippinensis	BCC22048	LSU	no voucher match
Ophiocordyceps philippinensis	BCC22048	RPB1	no voucher match
Ophiocordyceps philippinensis	BCC78339	LSU	no voucher match
Ophiocordyceps philippinensis	BCC78339	TEF	no voucher match
Ophiocordyceps philippinensis	BCC78339	RPB1	no voucher match
Ophiocordyceps philippinensis	BCC78339	RPB2	no voucher match
Ophiocordyceps poecilometigena	BRIP 61312a	ITS	no voucher match
Ophiocordyceps poecilometigena	BRIP 61312a	RPB1	no voucher match
Ophiocordyceps poecilometigena	BRIP 61312a	RPB2	no voucher match
Ophiocordyceps poecilometigena	BRIP:62634a	SSU	no voucher match
Ophiocordyceps poecilometigena	BRIP:62634a	LSU	no voucher match
Ophiocordyceps poecilometigena	BRIP:62634a	TEF	no voucher match
Ophiocordyceps poecilometigena	BRIP:62634a	RPB1	no voucher match
Ophiocordyceps poecilometigena	BRIP:62634a	RPB2	no voucher match
Ophiocordyceps polyrhachis	P39	ITS	no voucher match
Ophiocordyceps polyrhachis	P39	LSU	no voucher match
Ophiocordyceps polyrhachis	P39	TEF	no voucher match
Ophiocordyceps polyrhachis	P39	RPB1	no voucher match
Ophiocordyceps polyrhachis	P39	RPB2	no voucher match
Ophiocordyceps polyrhachis	Po21	ITS	no voucher match
Ophiocordyceps polyrhachis	Po21	SSU	no voucher match
Ophiocordyceps polyrhachis	Po21	LSU	no voucher match
Ophiocordyceps polyrhachis	Po21	RPB1	no voucher match
Ophiocordyceps polyrhachis	Po21	RPB2	no voucher match
Ophiocordyceps ponerinarum	Ophkni790	ITS	no voucher match
Ophiocordyceps ponerinarum	Ophkni790	RPB2	no voucher match
Ophiocordyceps pruinosa	MY3912	LSU	no voucher match
Ophiocordyceps pruinosa	MY3912	RPB1	no voucher match
Ophiocordyceps pruinosa	MY3912	RPB2	no voucher match
Ophiocordyceps pruinosa	NHJ 12994	ITS	no voucher match
Ophiocordyceps pseudoacicularis	BCC49256	ITS	no voucher match
Ophiocordyceps pseudoacicularis	BCC49256	SSU	no voucher match
Ophiocordyceps pseudolloydii	HKAS 126055	ITS	no voucher match
Ophiocordyceps pseudolloydii	HKAS 126055	RPB1	no voucher match
Ophiocordyceps pseudolloydii	HKAS 126055	RPB2	no voucher match
Ophiocordyceps pseudomyrmicis	P10B1	ITS	no voucher match
Ophiocordyceps pseudomyrmicis	P10B1	TEF	no voucher match
Ophiocordyceps pseudomyrmicis	P10B1	RPB1	no voucher match
Ophiocordyceps pseudomyrmicis	P10B1	RPB2	no voucher match
Ophiocordyceps pseudonutans	HAKS 131087	ITS	no voucher match
Ophiocordyceps pseudonutans	TL31	SSU	no voucher match
Ophiocordyceps pseudonutans	TL31	LSU	no voucher match
Ophiocordyceps pseudonutans	TL31	TEF	no voucher match
Ophiocordyceps pseudonutans	TL31	RPB1	no voucher match
Ophiocordyceps pseudonutans	TL31	RPB2	no voucher match
Ophiocordyceps pulvinata	Ophiocordyceps_pulvinata_gene_for_28S_ribosomal_RNA_partial_sequence	ITS	no voucher match
Ophiocordyceps pulvinata	Ophiocordyceps_pulvinata_gene_for_28S_ribosomal_RNA_partial_sequence	TEF	no voucher match
Ophiocordyceps pulvinata	Ophiocordyceps_pulvinata_gene_for_28S_ribosomal_RNA_partial_sequence	RPB1	no voucher match
Ophiocordyceps pulvinata	Ophiocordyceps_pulvinata_gene_for_28S_ribosomal_RNA_partial_sequence	RPB2	no voucher match
Ophiocordyceps pulvinata	Ophiocordyceps_pulvinata_genes_for_18S_rRNA_ITS1_5.8S_rRNA_ITS2_28S_rRNA_partial_and_complete_sequence	SSU	no voucher match
Ophiocordyceps pulvinata	Ophiocordyceps_pulvinata_genes_for_18S_rRNA_ITS1_5.8S_rRNA_ITS2_28S_rRNA_partial_and_complete_sequence	LSU	no voucher match
Ophiocordyceps pulvinata	Ophiocordyceps_pulvinata_genes_for_18S_rRNA_ITS1_5.8S_rRNA_ITS2_28S_rRNA_partial_and_complete_sequence	TEF	no voucher match
Ophiocordyceps pulvinata	Ophiocordyceps_pulvinata_genes_for_18S_rRNA_ITS1_5.8S_rRNA_ITS2_28S_rRNA_partial_and_complete_sequence	RPB1	no voucher match
Ophiocordyceps pulvinata	Ophiocordyceps_pulvinata_genes_for_18S_rRNA_ITS1_5.8S_rRNA_ITS2_28S_rRNA_partial_and_complete_sequence	RPB2	no voucher match
Ophiocordyceps pulvinata	TNS-F-30044	ITS	no voucher match
Ophiocordyceps pulvinata	TNS-F-30044	LSU	no voucher match
Ophiocordyceps pulvinata	TNS-F-30044	RPB2	no voucher match
Ophiocordyceps purpureostromata	TNS F18430	ITS	no voucher match
Ophiocordyceps purpureostromata	TNS F18430	RPB2	no voucher match
Ophiocordyceps rami	MY6736	ITS	no voucher match
Ophiocordyceps rami	MY6736	LSU	no voucher match
Ophiocordyceps rami	MY6736	RPB1	no voucher match
Ophiocordyceps rami	MY6736	RPB2	no voucher match
Ophiocordyceps ramosissimum	GZUHHN8	LSU	no voucher match
Ophiocordyceps ramosissimum	GZUHHN8	RPB2	no voucher match
Ophiocordyceps ravenelii	OSC 110995	ITS	no voucher match
Ophiocordyceps rhizoidea	NHJ 12522	SSU	no voucher match
Ophiocordyceps rhizoidea	NHJ 12522	LSU	no voucher match
Ophiocordyceps rhizoidea	NHJ 12522	RPB1	no voucher match
Ophiocordyceps rhizoidea	NHJ 12522	RPB2	no voucher match
Ophiocordyceps rhizoidea	NHJ 12529	ITS	no voucher match
Ophiocordyceps robertsii	K.(M)27083	TEF	no voucher match
Ophiocordyceps robertsii	K.(M)27083	RPB1	no voucher match
Ophiocordyceps robertsii	K.(M)27083	RPB2	no voucher match
Ophiocordyceps robertsii	KEW 27083	ITS	no voucher match
Ophiocordyceps robertsii	KEW 27083	SSU	no voucher match
Ophiocordyceps robertsii	KEW 27083	RPB1	no voucher match
Ophiocordyceps robertsii	KEW 27083	RPB2	no voucher match
Ophiocordyceps robertsii	YHORZT007	ITS	no voucher match
Ophiocordyceps robertsii	YHORZT007	SSU	no voucher match
Ophiocordyceps robertsii	YHORZT007	LSU	no voucher match
Ophiocordyceps robertsii	YHORZT007	TEF	no voucher match
Ophiocordyceps robertsii	YHORZT007	RPB2	no voucher match
Ophiocordyceps rubiginosiperitheciata	NBRC 106966	SSU	no voucher match
Ophiocordyceps rubiginosiperitheciata	NBRC 106966	LSU	no voucher match
Ophiocordyceps rubiginosiperitheciata	NBRC 106966	TEF	no voucher match
Ophiocordyceps rubiginosiperitheciata	NBRC 106966	RPB1	no voucher match
Ophiocordyceps rubiginosiperitheciata	NBRC 106966	RPB2	no voucher match
Ophiocordyceps satoi	J19	ITS	no voucher match
Ophiocordyceps satoi	J19	RPB2	no voucher match
Ophiocordyceps satoi	YFCC 8810	ITS	no voucher match
Ophiocordyceps satoi	YFCC 8810	SSU	no voucher match
Ophiocordyceps satoi	YFCC 8810	LSU	no voucher match
Ophiocordyceps satoi	YFCC 8810	TEF	no voucher match
Ophiocordyceps satoi	YFCC 8810	RPB1	no voucher match
Ophiocordyceps sobolifera	HKAS 126020	ITS	no voucher match
Ophiocordyceps sobolifera	HKAS 126020	SSU	no voucher match
Ophiocordyceps sobolifera	HKAS 126020	LSU	no voucher match
Ophiocordyceps sobolifera	HKAS 126020	RPB1	no voucher match
Ophiocordyceps sobolifera	HKAS 126020	RPB2	no voucher match
Ophiocordyceps sobolifera	KEW 78842	TEF	no voucher match
Ophiocordyceps sp	NHJ 12525	ITS	no voucher match
Ophiocordyceps sp	NHJ 12525	LSU	no voucher match
Ophiocordyceps sp	NHJ 12525	TEF	no voucher match
Ophiocordyceps sp	NHJ 12525	RPB1	no voucher match
Ophiocordyceps sp	NHJ 12525	RPB2	no voucher match
Ophiocordyceps sp	OSC 151909	ITS	no voucher match
Ophiocordyceps sp	OSC 151909	SSU	no voucher match
Ophiocordyceps sp	SJ22	ITS	no voucher match
Ophiocordyceps sp	SJ22	SSU	no voucher match
Ophiocordyceps sp	SJ22	LSU	no voucher match
Ophiocordyceps sp	SJ22	RPB2	no voucher match
Ophiocordyceps sp.	NHJ 12525	ITS	no voucher match
Ophiocordyceps sp.	NHJ 12525	LSU	no voucher match
Ophiocordyceps sp.	NHJ 12525	TEF	no voucher match
Ophiocordyceps sp.	NHJ 12525	RPB1	no voucher match
Ophiocordyceps sp.	NHJ 12525	RPB2	no voucher match
Ophiocordyceps spataforae	NHJ 12525	ITS	no voucher match
Ophiocordyceps sphecocephala	OSC 110998	ITS	no voucher match
Ophiocordyceps tabani	BBC45127	ITS	no voucher match
Ophiocordyceps tabani	BBC45127	SSU	no voucher match
Ophiocordyceps tabani	BBC45127	TEF	no voucher match
Ophiocordyceps tabani	BBC45127	RPB1	no voucher match
Ophiocordyceps tabani	BBC45127	RPB2	no voucher match
Ophiocordyceps tabani	BCC39918	ITS	no voucher match
Ophiocordyceps tabani	BCC39918	SSU	no voucher match
Ophiocordyceps tabani	BCC39918	LSU	no voucher match
Ophiocordyceps tabani	BCC39918	RPB1	no voucher match
Ophiocordyceps tabani	BCC39918	RPB2	no voucher match
Ophiocordyceps tabani	BCC45127	LSU	no voucher match
Ophiocordyceps tabani	BCC45127	TEF	no voucher match
Ophiocordyceps tabani	BCC45127	RPB1	no voucher match
Ophiocordyceps thanathonensis	HKAS 126078	SSU	no voucher match
Ophiocordyceps thanathonensis	HKAS 126078	LSU	no voucher match
Ophiocordyceps thanathonensis	HKAS 126078	TEF	no voucher match
Ophiocordyceps thanathonensis	HKAS 126078	RPB1	no voucher match
Ophiocordyceps thanathonensis	HKAS 126078	RPB2	no voucher match
Ophiocordyceps thanathonensis	HKAS:102442	ITS	no voucher match
Ophiocordyceps thanathonensis	HKAS:102442	SSU	no voucher match
Ophiocordyceps thanathonensis	HKAS:102442	RPB1	no voucher match
Ophiocordyceps thanathonensis	MFLU 16-2909	ITS	no voucher match
Ophiocordyceps thanathonensis	MFLU 16-2909	LSU	no voucher match
Ophiocordyceps thanathonensis	MFLU 16-2909	TEF	no voucher match
Ophiocordyceps thanathonensis	MFLU 16-2909	RPB1	no voucher match
Ophiocordyceps thanathonensis	MFLU 16-2909	RPB2	no voucher match
Ophiocordyceps thanathonensis	MFLU 16-2910	ITS	no voucher match
Ophiocordyceps thanathonensis	MFLU 16-2910	SSU	no voucher match
Ophiocordyceps thanathonensis	MFLU 16-2910	TEF	no voucher match
Ophiocordyceps thanathonensis	MFLU 16-2910	RPB1	no voucher match
Ophiocordyceps thanathonensis	MFLU 16-2910	RPB2	no voucher match
Ophiocordyceps thanathonensis	MFLUCC:16-2909	ITS	no voucher match
Ophiocordyceps thanathonensis	MFLUCC:16-2909	SSU	no voucher match
Ophiocordyceps thanathonensis	MFLUCC:16-2909	LSU	no voucher match
Ophiocordyceps thanathonensis	MFLUCC:16-2909	RPB2	no voucher match
Ophiocordyceps thanathonensis	MFLUCC:16-2910	ITS	no voucher match
Ophiocordyceps thanathonensis	MFLUCC:16-2910	SSU	no voucher match
Ophiocordyceps thanathonensis	MFLUCC:16-2910	LSU	no voucher match
Ophiocordyceps thanathonensis	MFLUCC:16-2910	TEF	no voucher match
Ophiocordyceps thanathonensis	MFLUCC:16-2910	RPB2	no voucher match
Ophiocordyceps thilosuensis	BBC47494	ITS	no voucher match
Ophiocordyceps thilosuensis	BBC47494	SSU	no voucher match
Ophiocordyceps thilosuensis	BBC47494	TEF	no voucher match
Ophiocordyceps thilosuensis	BBC47494	RPB1	no voucher match
Ophiocordyceps thilosuensis	BBC47494	RPB2	no voucher match
Ophiocordyceps thilosuensis	BCC46607	SSU	no voucher match
Ophiocordyceps thilosuensis	BCC46607	LSU	no voucher match
Ophiocordyceps thilosuensis	BCC46607	TEF	no voucher match
Ophiocordyceps thilosuensis	BCC46607	RPB1	no voucher match
Ophiocordyceps thilosuensis	BCC46607	RPB2	no voucher match
Ophiocordyceps thilosuensis	BCC47494	ITS	no voucher match
Ophiocordyceps thilosuensis	BCC47494	LSU	no voucher match
Ophiocordyceps thilosuensis	BCC47494	RPB1	no voucher match
Ophiocordyceps tiputini	Ophsp.11465	ITS	no voucher match
Ophiocordyceps tiputini	Ophsp.11465	LSU	no voucher match
Ophiocordyceps tiputini	Ophsp.11465	TEF	no voucher match
Ophiocordyceps tiputini	Ophsp.11465	RPB1	no voucher match
Ophiocordyceps tiputini	Ophsp.11465	RPB2	no voucher match
Ophiocordyceps tiputini	Ophtip11465	ITS	no voucher match
Ophiocordyceps tiputini	Ophtip11465	SSU	no voucher match
Ophiocordyceps tiputini	Ophtip11465	RPB2	no voucher match
Ophiocordyceps tricentri	CEM160	ITS	no voucher match
Ophiocordyceps tricentri	CEM160	TEF	no voucher match
Ophiocordyceps tricentri	CEM160	RPB1	no voucher match
Ophiocordyceps tricentri	CEM160	RPB2	no voucher match
Ophiocordyceps tricentri	HKAS 126048	SSU	no voucher match
Ophiocordyceps tricentri	HKAS 126048	LSU	no voucher match
Ophiocordyceps tricentri	HKAS 126048	TEF	no voucher match
Ophiocordyceps tricentri	HKAS 126048	RPB1	no voucher match
Ophiocordyceps tricentri	HKAS 126048	RPB2	no voucher match
Ophiocordyceps tricentri	KUMCC 5198	ITS	no voucher match
Ophiocordyceps tricentri	KUMCC 5198	SSU	no voucher match
Ophiocordyceps tricentri	KUMCC 5198	LSU	no voucher match
Ophiocordyceps tricentri	KUMCC 5198	RPB1	no voucher match
Ophiocordyceps tricentri	KUMCC 5198	RPB2	no voucher match
Ophiocordyceps tricentri	NBRC:106968	RPB1	no voucher match
Ophiocordyceps unilateralis	OSC 128574	ITS	no voucher match
Ophiocordyceps variabilis	ARSEF 5365	ITS	no voucher match
Ophiocordyceps variabilis	OMDL iNat # 225208540	SSU	no voucher match
Ophiocordyceps variabilis	OMDL iNat # 225208540	LSU	no voucher match
Ophiocordyceps variabilis	OMDL iNat # 225208540	TEF	no voucher match
Ophiocordyceps variabilis	OMDL iNat # 225208540	RPB1	no voucher match
Ophiocordyceps variabilis	OMDL iNat # 225208540	RPB2	no voucher match
Ophiocordyceps vespulae	GZUCC2017064	ITS	no voucher match
Ophiocordyceps vespulae	GZUCC2017064	SSU	no voucher match
Ophiocordyceps vespulae	GZUCC2017064	RPB1	no voucher match
Ophiocordyceps vespulae	HKAS:102449	ITS	no voucher match
Ophiocordyceps vespulae	HKAS:102449	SSU	no voucher match
Ophiocordyceps vespulae	HKAS:102449	LSU	no voucher match
Ophiocordyceps vespulae	HKAS:102449	TEF	no voucher match
Ophiocordyceps vespulae	HKAS:102449	RPB2	no voucher match
Ophiocordyceps vespulae	KA25-1007	LSU	no voucher match
Ophiocordyceps vespulae	KA25-1007	TEF	no voucher match
Ophiocordyceps vespulae	KA25-1007	RPB1	no voucher match
Ophiocordyceps vespulae	KA25-1007	RPB2	no voucher match
Ophiocordyceps xuefengensis	GZUHHN13	RPB2	no voucher match
Ophiocordyceps xuefengensis	YFCC 16049246	ITS	no voucher match
Ophiocordyceps xuefengensis	YFCC 16049246	SSU	no voucher match
Ophiocordyceps xuefengensis	YFCC 16049246	LSU	no voucher match
Ophiocordyceps xuefengensis	YFCC 16049246	TEF	no voucher match
Ophiocordyceps xuefengensis	YFCC 16049246	RPB1	no voucher match
Ophiocordyceps yakusimensis	HMAS_199604	ITS	no voucher match
Ophiocordyceps yakusimensis	HMAS_199604	TEF	no voucher match
Ophiocordyceps yakusimensis	synonym_Cordyceps_yakusimensis	SSU	no voucher match
Ophiocordyceps yakusimensis	synonym_Cordyceps_yakusimensis	LSU	no voucher match
Ophiocordyceps yakusimensis	synonym_Cordyceps_yakusimensis	TEF	no voucher match
Ophiocordyceps yakusimensis	synonym_Cordyceps_yakusimensis	RPB1	no voucher match
Ophiocordyceps yakusimensis	synonym_Cordyceps_yakusimensis	RPB2	no voucher match
Tolypocladium capitatum	ARSEF 1446	ITS	no voucher match
Tolypocladium capitatum	ARSEF 1446	SSU	no voucher match
Tolypocladium capitatum	ARSEF 1446	TEF	no voucher match
Tolypocladium capitatum	ARSEF 1446	RPB1	no voucher match
Tolypocladium capitatum	ARSEF 1446	RPB2	no voucher match
Tolypocladium capitatum	OSC71233	ITS	no voucher match
Tolypocladium capitatum	OSC71233	LSU	no voucher match
Tolypocladium capitatum	OSC71233	RPB2	no voucher match
Tolypocladium capitatum	YFCC 881	ITS	no voucher match
Tolypocladium capitatum	YFCC 881	SSU	no voucher match
Tolypocladium capitatum	YFCC 881	LSU	no voucher match
Tolypocladium capitatum	YFCC 881	TEF	no voucher match
Tolypocladium capitatum	YFCC 881	RPB1	no voucher match
Tolypocladium inflatum	CBS 127147	ITS	no voucher match
Tolypocladium inflatum	CBS 127147	SSU	no voucher match
Tolypocladium inflatum	CBS 127147	TEF	no voucher match
Tolypocladium inflatum	CBS 127147	RPB1	no voucher match
Tolypocladium inflatum	CBS 127147	RPB2	no voucher match
Tolypocladium inflatum	CBS 127302	LSU	no voucher match
Tolypocladium inflatum	CBS 127302	TEF	no voucher match
Tolypocladium inflatum	CBS 127302	RPB1	no voucher match
Tolypocladium inflatum	CBS 127302	RPB2	no voucher match
Tolypocladium inflatum	KUMCC 7769	ITS	no voucher match
Tolypocladium inflatum	KUMCC 7769	SSU	no voucher match
Tolypocladium inflatum	KUMCC 7769	LSU	no voucher match
Tolypocladium inflatum	KUMCC 7769	RPB1	no voucher match
Tolypocladium inflatum	KUMCC 7769	RPB2	no voucher match
Tolypocladium inflatum	MTCC 557	ITS	no voucher match
Tolypocladium inflatum	MTCC 557	SSU	no voucher match
Tolypocladium inflatum	MTCC 557	LSU	no voucher match
Tolypocladium inflatum	MTCC 557	TEF	no voucher match
Tolypocladium inflatum	MTCC 557	RPB2	no voucher match
Tolypocladium inflatum	OSC 71235	ITS	no voucher match
Tolypocladium inflatum	OSC 71235	SSU	no voucher match
Tolypocladium inflatum	OSC 71235	LSU	no voucher match
Tolypocladium inflatum	OSC 71235	TEF	no voucher match
Tolypocladium inflatum	OSC 71235	RPB1	no voucher match
Tolypocladium ophioglossoides	CBS 100239	ITS	no voucher match
Tolypocladium ophioglossoides	CBS 139.63	SSU	no voucher match
Tolypocladium ophioglossoides	CBS 139.63	LSU	no voucher match
Tolypocladium ophioglossoides	CBS 139.63	TEF	no voucher match
Tolypocladium ophioglossoides	CBS 139.63	RPB1	no voucher match
Tolypocladium ophioglossoides	CBS 139.63	RPB2	no voucher match
Tolypocladium ophioglossoides	iNAT:178438965	ITS	no voucher match
Tolypocladium ophioglossoides	iNAT:178438965	TEF	no voucher match
Tolypocladium ophioglossoides	iNAT:178438965	RPB1	no voucher match
Tolypocladium ophioglossoides	iNAT:178438965	RPB2	no voucher match
Tolypocladium ophioglossoides	NBRC:106330	ITS	no voucher match
Tolypocladium ophioglossoides	NBRC:106330	SSU	no voucher match
Tolypocladium ophioglossoides	NBRC:106330	LSU	no voucher match
Tolypocladium ophioglossoides	NBRC:106330	RPB1	no voucher match
