0	952af299-5da1-41a9-9e7a-6ac014504003 runid=0dfb5b492dc86ce99bf7c61c734eb364afcdb5c8 ch=44 start_time=2025-09-26T03:25:21.398161+00:00 flow_cell_id=AWX817 basecall_gpu=NVIDIA_Tegra_X2 protocol_group_id=ONT_trialEb_250925 sample_id=ONT_trail_250925 barcode=barcode24 barcode_alias=barcode24 parent_read_id=952af299-5da1-41a9-9e7a-6ac014504003 basecall_model_version_id=dna_r10.4.1_e8.2_400bps_hac@v4.3.0 rc
0	d9d0a1d1-3762-422b-b266-cefab77213a8 runid=0dfb5b492dc86ce99bf7c61c734eb364afcdb5c8 ch=44 start_time=2025-09-25T17:56:03.398161+00:00 flow_cell_id=AWX817 basecall_gpu=NVIDIA_Tegra_X2 protocol_group_id=ONT_trialEb_250925 sample_id=ONT_trail_250925 barcode=barcode24 barcode_alias=barcode24 parent_read_id=d9d0a1d1-3762-422b-b266-cefab77213a8 basecall_model_version_id=dna_r10.4.1_e8.2_400bps_hac@v4.3.0 rc
0	34bfe9b0-ab8e-467c-b233-f4626651a40e runid=0dfb5b492dc86ce99bf7c61c734eb364afcdb5c8 ch=57 start_time=2025-09-25T17:08:01.398161+00:00 flow_cell_id=AWX817 basecall_gpu=NVIDIA_Tegra_X2 protocol_group_id=ONT_trialEb_250925 sample_id=ONT_trail_250925 barcode=barcode24 barcode_alias=barcode24 parent_read_id=34bfe9b0-ab8e-467c-b233-f4626651a40e basecall_model_version_id=dna_r10.4.1_e8.2_400bps_hac@v4.3.0 rc
0	61947a12-37d9-49c8-add1-da9e2b791e18 runid=0dfb5b492dc86ce99bf7c61c734eb364afcdb5c8 ch=20 start_time=2025-09-25T19:20:27.398161+00:00 flow_cell_id=AWX817 basecall_gpu=NVIDIA_Tegra_X2 protocol_group_id=ONT_trialEb_250925 sample_id=ONT_trail_250925 barcode=barcode24 barcode_alias=barcode24 parent_read_id=61947a12-37d9-49c8-add1-da9e2b791e18 basecall_model_version_id=dna_r10.4.1_e8.2_400bps_hac@v4.3.0 rc
0	c33797f7-1ec4-4a1f-a3e5-f01b6a73b051 runid=0dfb5b492dc86ce99bf7c61c734eb364afcdb5c8 ch=40 start_time=2025-09-25T19:03:16.398161+00:00 flow_cell_id=AWX817 basecall_gpu=NVIDIA_Tegra_X2 protocol_group_id=ONT_trialEb_250925 sample_id=ONT_trail_250925 barcode=barcode24 barcode_alias=barcode24 parent_read_id=c33797f7-1ec4-4a1f-a3e5-f01b6a73b051 basecall_model_version_id=dna_r10.4.1_e8.2_400bps_hac@v4.3.0
0	95d479a3-2aea-4cd1-ba97-f84a14b09cf9 runid=0dfb5b492dc86ce99bf7c61c734eb364afcdb5c8 ch=41 start_time=2025-09-26T00:21:35.398161+00:00 flow_cell_id=AWX817 basecall_gpu=NVIDIA_Tegra_X2 protocol_group_id=ONT_trialEb_250925 sample_id=ONT_trail_250925 barcode=barcode24 barcode_alias=barcode24 parent_read_id=95d479a3-2aea-4cd1-ba97-f84a14b09cf9 basecall_model_version_id=dna_r10.4.1_e8.2_400bps_hac@v4.3.0 rc
0	558e43b7-51c2-41e1-a75b-9b20b2d6df1d runid=0dfb5b492dc86ce99bf7c61c734eb364afcdb5c8 ch=44 start_time=2025-09-26T03:01:53.398161+00:00 flow_cell_id=AWX817 basecall_gpu=NVIDIA_Tegra_X2 protocol_group_id=ONT_trialEb_250925 sample_id=ONT_trail_250925 barcode=barcode24 barcode_alias=barcode24 parent_read_id=558e43b7-51c2-41e1-a75b-9b20b2d6df1d basecall_model_version_id=dna_r10.4.1_e8.2_400bps_hac@v4.3.0 rc
0	eafe3d33-d625-44b3-92f7-2252e0d8254f runid=0dfb5b492dc86ce99bf7c61c734eb364afcdb5c8 ch=85 start_time=2025-09-25T23:29:53.398161+00:00 flow_cell_id=AWX817 basecall_gpu=NVIDIA_Tegra_X2 protocol_group_id=ONT_trialEb_250925 sample_id=ONT_trail_250925 barcode=barcode24 barcode_alias=barcode24 parent_read_id=eafe3d33-d625-44b3-92f7-2252e0d8254f basecall_model_version_id=dna_r10.4.1_e8.2_400bps_hac@v4.3.0
0	7bc5c937-c92e-485a-92a4-d67efc75fa00 runid=0dfb5b492dc86ce99bf7c61c734eb364afcdb5c8 ch=56 start_time=2025-09-25T16:34:40.398161+00:00 flow_cell_id=AWX817 basecall_gpu=NVIDIA_Tegra_X2 protocol_group_id=ONT_trialEb_250925 sample_id=ONT_trail_250925 barcode=barcode24 barcode_alias=barcode24 parent_read_id=7bc5c937-c92e-485a-92a4-d67efc75fa00 basecall_model_version_id=dna_r10.4.1_e8.2_400bps_hac@v4.3.0 rc
0	a1f0f297-be4a-4c5e-bbb0-8ae03560338d runid=0dfb5b492dc86ce99bf7c61c734eb364afcdb5c8 ch=58 start_time=2025-09-25T19:35:51.398161+00:00 flow_cell_id=AWX817 basecall_gpu=NVIDIA_Tegra_X2 protocol_group_id=ONT_trialEb_250925 sample_id=ONT_trail_250925 barcode=barcode24 barcode_alias=barcode24 parent_read_id=a1f0f297-be4a-4c5e-bbb0-8ae03560338d basecall_model_version_id=dna_r10.4.1_e8.2_400bps_hac@v4.3.0 rc
0	d60bbfae-10c7-4ad7-a120-c1c19cd1f656 runid=0dfb5b492dc86ce99bf7c61c734eb364afcdb5c8 ch=44 start_time=2025-09-25T23:35:00.398161+00:00 flow_cell_id=AWX817 basecall_gpu=NVIDIA_Tegra_X2 protocol_group_id=ONT_trialEb_250925 sample_id=ONT_trail_250925 barcode=barcode24 barcode_alias=barcode24 parent_read_id=d60bbfae-10c7-4ad7-a120-c1c19cd1f656 basecall_model_version_id=dna_r10.4.1_e8.2_400bps_hac@v4.3.0 rc
0	4fa8a6d6-d9cb-43a9-8309-3f790523b040 runid=0dfb5b492dc86ce99bf7c61c734eb364afcdb5c8 ch=44 start_time=2025-09-26T02:10:34.398161+00:00 flow_cell_id=AWX817 basecall_gpu=NVIDIA_Tegra_X2 protocol_group_id=ONT_trialEb_250925 sample_id=ONT_trail_250925 barcode=barcode24 barcode_alias=barcode24 parent_read_id=4fa8a6d6-d9cb-43a9-8309-3f790523b040 basecall_model_version_id=dna_r10.4.1_e8.2_400bps_hac@v4.3.0 rc
0	64c6679b-b9f4-40f5-b1d4-03e5b751314d runid=0dfb5b492dc86ce99bf7c61c734eb364afcdb5c8 ch=44 start_time=2025-09-25T22:36:32.398161+00:00 flow_cell_id=AWX817 basecall_gpu=NVIDIA_Tegra_X2 protocol_group_id=ONT_trialEb_250925 sample_id=ONT_trail_250925 barcode=barcode24 barcode_alias=barcode24 parent_read_id=64c6679b-b9f4-40f5-b1d4-03e5b751314d basecall_model_version_id=dna_r10.4.1_e8.2_400bps_hac@v4.3.0 rc
28	26cd7c22-c36f-4d90-89a5-497c21de0414 runid=0dfb5b492dc86ce99bf7c61c734eb364afcdb5c8 ch=4 start_time=2025-09-25T17:39:43.398161+00:00 flow_cell_id=AWX817 basecall_gpu=NVIDIA_Tegra_X2 protocol_group_id=ONT_trialEb_250925 sample_id=ONT_trail_250925 barcode=barcode24 barcode_alias=barcode24 parent_read_id=606a0d0a-b547-4386-b850-0027acc624e7 basecall_model_version_id=dna_r10.4.1_e8.2_400bps_hac@v4.3.0
28	22d0d9da-976a-4145-b7d0-601729b17dc3 runid=0dfb5b492dc86ce99bf7c61c734eb364afcdb5c8 ch=20 start_time=2025-09-25T17:49:42.398161+00:00 flow_cell_id=AWX817 basecall_gpu=NVIDIA_Tegra_X2 protocol_group_id=ONT_trialEb_250925 sample_id=ONT_trail_250925 barcode=barcode24 barcode_alias=barcode24 parent_read_id=22d0d9da-976a-4145-b7d0-601729b17dc3 basecall_model_version_id=dna_r10.4.1_e8.2_400bps_hac@v4.3.0
28	e5b82df8-9a80-447e-b132-f2d90dcab593 runid=0dfb5b492dc86ce99bf7c61c734eb364afcdb5c8 ch=58 start_time=2025-09-25T22:23:23.398161+00:00 flow_cell_id=AWX817 basecall_gpu=NVIDIA_Tegra_X2 protocol_group_id=ONT_trialEb_250925 sample_id=ONT_trail_250925 barcode=barcode24 barcode_alias=barcode24 parent_read_id=e5b82df8-9a80-447e-b132-f2d90dcab593 basecall_model_version_id=dna_r10.4.1_e8.2_400bps_hac@v4.3.0
28	3bf2f052-8f07-4182-b80a-44f009e4b087 runid=0dfb5b492dc86ce99bf7c61c734eb364afcdb5c8 ch=4 start_time=2025-09-25T23:40:43.398161+00:00 flow_cell_id=AWX817 basecall_gpu=NVIDIA_Tegra_X2 protocol_group_id=ONT_trialEb_250925 sample_id=ONT_trail_250925 barcode=barcode24 barcode_alias=barcode24 parent_read_id=3bf2f052-8f07-4182-b80a-44f009e4b087 basecall_model_version_id=dna_r10.4.1_e8.2_400bps_hac@v4.3.0 rc
28	db2001b4-9ba0-4c2d-8a08-2a11e16ed9e2 runid=0dfb5b492dc86ce99bf7c61c734eb364afcdb5c8 ch=49 start_time=2025-09-25T17:57:03.398161+00:00 flow_cell_id=AWX817 basecall_gpu=NVIDIA_Tegra_X2 protocol_group_id=ONT_trialEb_250925 sample_id=ONT_trail_250925 barcode=barcode24 barcode_alias=barcode24 parent_read_id=db2001b4-9ba0-4c2d-8a08-2a11e16ed9e2 basecall_model_version_id=dna_r10.4.1_e8.2_400bps_hac@v4.3.0 rc
28	78ff3f1f-b784-4904-aaf3-48aa5f081f27 runid=0dfb5b492dc86ce99bf7c61c734eb364afcdb5c8 ch=20 start_time=2025-09-26T00:21:46.398161+00:00 flow_cell_id=AWX817 basecall_gpu=NVIDIA_Tegra_X2 protocol_group_id=ONT_trialEb_250925 sample_id=ONT_trail_250925 barcode=barcode24 barcode_alias=barcode24 parent_read_id=78ff3f1f-b784-4904-aaf3-48aa5f081f27 basecall_model_version_id=dna_r10.4.1_e8.2_400bps_hac@v4.3.0
28	c3c5322d-b9bd-4c77-aec2-bf4afe0cf3c0 runid=0dfb5b492dc86ce99bf7c61c734eb364afcdb5c8 ch=108 start_time=2025-09-25T17:31:50.398161+00:00 flow_cell_id=AWX817 basecall_gpu=NVIDIA_Tegra_X2 protocol_group_id=ONT_trialEb_250925 sample_id=ONT_trail_250925 barcode=barcode24 barcode_alias=barcode24 parent_read_id=c3c5322d-b9bd-4c77-aec2-bf4afe0cf3c0 basecall_model_version_id=dna_r10.4.1_e8.2_400bps_hac@v4.3.0
28	11d2db9b-fb91-446c-9a4d-e6a8c03a739e runid=0dfb5b492dc86ce99bf7c61c734eb364afcdb5c8 ch=44 start_time=2025-09-26T01:44:14.398161+00:00 flow_cell_id=AWX817 basecall_gpu=NVIDIA_Tegra_X2 protocol_group_id=ONT_trialEb_250925 sample_id=ONT_trail_250925 barcode=barcode24 barcode_alias=barcode24 parent_read_id=11d2db9b-fb91-446c-9a4d-e6a8c03a739e basecall_model_version_id=dna_r10.4.1_e8.2_400bps_hac@v4.3.0 rc
28	a1b86569-7747-47f0-a1be-d19c1505251c runid=0dfb5b492dc86ce99bf7c61c734eb364afcdb5c8 ch=20 start_time=2025-09-26T08:01:42.398161+00:00 flow_cell_id=AWX817 basecall_gpu=NVIDIA_Tegra_X2 protocol_group_id=ONT_trialEb_250925 sample_id=ONT_trail_250925 barcode=barcode24 barcode_alias=barcode24 parent_read_id=a1b86569-7747-47f0-a1be-d19c1505251c basecall_model_version_id=dna_r10.4.1_e8.2_400bps_hac@v4.3.0 rc
28	26f98baa-12ee-4550-9e4a-b740e7b9fb97 runid=0dfb5b492dc86ce99bf7c61c734eb364afcdb5c8 ch=44 start_time=2025-09-25T22:48:54.398161+00:00 flow_cell_id=AWX817 basecall_gpu=NVIDIA_Tegra_X2 protocol_group_id=ONT_trialEb_250925 sample_id=ONT_trail_250925 barcode=barcode24 barcode_alias=barcode24 parent_read_id=26f98baa-12ee-4550-9e4a-b740e7b9fb97 basecall_model_version_id=dna_r10.4.1_e8.2_400bps_hac@v4.3.0 rc
28	5f92dbf9-62e4-4394-b4e9-a3729c500910 runid=0dfb5b492dc86ce99bf7c61c734eb364afcdb5c8 ch=110 start_time=2025-09-25T19:02:19.398161+00:00 flow_cell_id=AWX817 basecall_gpu=NVIDIA_Tegra_X2 protocol_group_id=ONT_trialEb_250925 sample_id=ONT_trail_250925 barcode=barcode24 barcode_alias=barcode24 parent_read_id=5f92dbf9-62e4-4394-b4e9-a3729c500910 basecall_model_version_id=dna_r10.4.1_e8.2_400bps_hac@v4.3.0 rc
28	de9c78c1-c1b6-480c-9937-afca6e60357a runid=0dfb5b492dc86ce99bf7c61c734eb364afcdb5c8 ch=118 start_time=2025-09-26T06:23:58.398161+00:00 flow_cell_id=AWX817 basecall_gpu=NVIDIA_Tegra_X2 protocol_group_id=ONT_trialEb_250925 sample_id=ONT_trail_250925 barcode=barcode24 barcode_alias=barcode24 parent_read_id=de9c78c1-c1b6-480c-9937-afca6e60357a basecall_model_version_id=dna_r10.4.1_e8.2_400bps_hac@v4.3.0 rc
70	67088443-fe63-4836-9b1d-557203196173 runid=0dfb5b492dc86ce99bf7c61c734eb364afcdb5c8 ch=57 start_time=2025-09-25T16:37:10.398161+00:00 flow_cell_id=AWX817 basecall_gpu=NVIDIA_Tegra_X2 protocol_group_id=ONT_trialEb_250925 sample_id=ONT_trail_250925 barcode=barcode24 barcode_alias=barcode24 parent_read_id=67088443-fe63-4836-9b1d-557203196173 basecall_model_version_id=dna_r10.4.1_e8.2_400bps_hac@v4.3.0
70	053fb47e-45e5-4ba7-8f83-07b016fe954d runid=0dfb5b492dc86ce99bf7c61c734eb364afcdb5c8 ch=92 start_time=2025-09-25T23:50:49.398161+00:00 flow_cell_id=AWX817 basecall_gpu=NVIDIA_Tegra_X2 protocol_group_id=ONT_trialEb_250925 sample_id=ONT_trail_250925 barcode=barcode24 barcode_alias=barcode24 parent_read_id=053fb47e-45e5-4ba7-8f83-07b016fe954d basecall_model_version_id=dna_r10.4.1_e8.2_400bps_hac@v4.3.0 rc
70	d8a7f742-dfb1-4f6c-94e0-ca93056aa5b3 runid=0dfb5b492dc86ce99bf7c61c734eb364afcdb5c8 ch=106 start_time=2025-09-25T20:50:19.398161+00:00 flow_cell_id=AWX817 basecall_gpu=NVIDIA_Tegra_X2 protocol_group_id=ONT_trialEb_250925 sample_id=ONT_trail_250925 barcode=barcode24 barcode_alias=barcode24 parent_read_id=d8a7f742-dfb1-4f6c-94e0-ca93056aa5b3 basecall_model_version_id=dna_r10.4.1_e8.2_400bps_hac@v4.3.0
70	899084b3-c2d8-46e0-9448-5d86e00ab5bc runid=0dfb5b492dc86ce99bf7c61c734eb364afcdb5c8 ch=85 start_time=2025-09-26T00:03:41.398161+00:00 flow_cell_id=AWX817 basecall_gpu=NVIDIA_Tegra_X2 protocol_group_id=ONT_trialEb_250925 sample_id=ONT_trail_250925 barcode=barcode24 barcode_alias=barcode24 parent_read_id=899084b3-c2d8-46e0-9448-5d86e00ab5bc basecall_model_version_id=dna_r10.4.1_e8.2_400bps_hac@v4.3.0 rc
70	22c6a67a-dbb8-4eec-9bfc-a6e221f0f20d runid=0dfb5b492dc86ce99bf7c61c734eb364afcdb5c8 ch=20 start_time=2025-09-25T19:15:30.398161+00:00 flow_cell_id=AWX817 basecall_gpu=NVIDIA_Tegra_X2 protocol_group_id=ONT_trialEb_250925 sample_id=ONT_trail_250925 barcode=barcode24 barcode_alias=barcode24 parent_read_id=22c6a67a-dbb8-4eec-9bfc-a6e221f0f20d basecall_model_version_id=dna_r10.4.1_e8.2_400bps_hac@v4.3.0
70	3d6c6d0b-127e-4c54-8a11-9f96bc6201e2 runid=0dfb5b492dc86ce99bf7c61c734eb364afcdb5c8 ch=85 start_time=2025-09-26T01:54:20.398161+00:00 flow_cell_id=AWX817 basecall_gpu=NVIDIA_Tegra_X2 protocol_group_id=ONT_trialEb_250925 sample_id=ONT_trail_250925 barcode=barcode24 barcode_alias=barcode24 parent_read_id=3d6c6d0b-127e-4c54-8a11-9f96bc6201e2 basecall_model_version_id=dna_r10.4.1_e8.2_400bps_hac@v4.3.0
70	8ef74da7-e9b4-48a1-8836-a638fa6c6abd runid=0dfb5b492dc86ce99bf7c61c734eb364afcdb5c8 ch=113 start_time=2025-09-25T16:01:52.398161+00:00 flow_cell_id=AWX817 basecall_gpu=NVIDIA_Tegra_X2 protocol_group_id=ONT_trialEb_250925 sample_id=ONT_trail_250925 barcode=barcode24 barcode_alias=barcode24 parent_read_id=8ef74da7-e9b4-48a1-8836-a638fa6c6abd basecall_model_version_id=dna_r10.4.1_e8.2_400bps_hac@v4.3.0 rc
70	a82ca6c0-d25e-4eba-97d2-1d351b73c5c7 runid=0dfb5b492dc86ce99bf7c61c734eb364afcdb5c8 ch=85 start_time=2025-09-25T20:29:08.398161+00:00 flow_cell_id=AWX817 basecall_gpu=NVIDIA_Tegra_X2 protocol_group_id=ONT_trialEb_250925 sample_id=ONT_trail_250925 barcode=barcode24 barcode_alias=barcode24 parent_read_id=a82ca6c0-d25e-4eba-97d2-1d351b73c5c7 basecall_model_version_id=dna_r10.4.1_e8.2_400bps_hac@v4.3.0
70	fb5a557a-2df7-4320-b58e-3a367ec54c4e runid=0dfb5b492dc86ce99bf7c61c734eb364afcdb5c8 ch=20 start_time=2025-09-25T22:32:00.398161+00:00 flow_cell_id=AWX817 basecall_gpu=NVIDIA_Tegra_X2 protocol_group_id=ONT_trialEb_250925 sample_id=ONT_trail_250925 barcode=barcode24 barcode_alias=barcode24 parent_read_id=fb5a557a-2df7-4320-b58e-3a367ec54c4e basecall_model_version_id=dna_r10.4.1_e8.2_400bps_hac@v4.3.0 rc
70	95725667-a381-48b6-8315-958457ef6e4c runid=0dfb5b492dc86ce99bf7c61c734eb364afcdb5c8 ch=20 start_time=2025-09-26T03:14:11.398161+00:00 flow_cell_id=AWX817 basecall_gpu=NVIDIA_Tegra_X2 protocol_group_id=ONT_trialEb_250925 sample_id=ONT_trail_250925 barcode=barcode24 barcode_alias=barcode24 parent_read_id=95725667-a381-48b6-8315-958457ef6e4c basecall_model_version_id=dna_r10.4.1_e8.2_400bps_hac@v4.3.0
70	40327fa7-69d1-4289-9af1-11c20c767600 runid=0dfb5b492dc86ce99bf7c61c734eb364afcdb5c8 ch=110 start_time=2025-09-25T22:05:44.398161+00:00 flow_cell_id=AWX817 basecall_gpu=NVIDIA_Tegra_X2 protocol_group_id=ONT_trialEb_250925 sample_id=ONT_trail_250925 barcode=barcode24 barcode_alias=barcode24 parent_read_id=40327fa7-69d1-4289-9af1-11c20c767600 basecall_model_version_id=dna_r10.4.1_e8.2_400bps_hac@v4.3.0
56	cc4ade9d-5f46-4708-b58a-766ef6899e0f runid=0dfb5b492dc86ce99bf7c61c734eb364afcdb5c8 ch=110 start_time=2025-09-25T18:29:51.398161+00:00 flow_cell_id=AWX817 basecall_gpu=NVIDIA_Tegra_X2 protocol_group_id=ONT_trialEb_250925 sample_id=ONT_trail_250925 barcode=barcode24 barcode_alias=barcode24 parent_read_id=cc4ade9d-5f46-4708-b58a-766ef6899e0f basecall_model_version_id=dna_r10.4.1_e8.2_400bps_hac@v4.3.0
56	8bd517a3-1513-4301-a3dc-ce146acac726 runid=0dfb5b492dc86ce99bf7c61c734eb364afcdb5c8 ch=57 start_time=2025-09-26T10:36:20.398161+00:00 flow_cell_id=AWX817 basecall_gpu=NVIDIA_Tegra_X2 protocol_group_id=ONT_trialEb_250925 sample_id=ONT_trail_250925 barcode=barcode24 barcode_alias=barcode24 parent_read_id=8bd517a3-1513-4301-a3dc-ce146acac726 basecall_model_version_id=dna_r10.4.1_e8.2_400bps_hac@v4.3.0
56	766875f2-67ce-42a9-9acc-19ce0e7848ee runid=0dfb5b492dc86ce99bf7c61c734eb364afcdb5c8 ch=39 start_time=2025-09-25T19:34:39.398161+00:00 flow_cell_id=AWX817 basecall_gpu=NVIDIA_Tegra_X2 protocol_group_id=ONT_trialEb_250925 sample_id=ONT_trail_250925 barcode=barcode24 barcode_alias=barcode24 parent_read_id=766875f2-67ce-42a9-9acc-19ce0e7848ee basecall_model_version_id=dna_r10.4.1_e8.2_400bps_hac@v4.3.0
56	3408649c-8763-4d63-ab15-0e77c286d705 runid=0dfb5b492dc86ce99bf7c61c734eb364afcdb5c8 ch=39 start_time=2025-09-25T17:55:58.398161+00:00 flow_cell_id=AWX817 basecall_gpu=NVIDIA_Tegra_X2 protocol_group_id=ONT_trialEb_250925 sample_id=ONT_trail_250925 barcode=barcode24 barcode_alias=barcode24 parent_read_id=3408649c-8763-4d63-ab15-0e77c286d705 basecall_model_version_id=dna_r10.4.1_e8.2_400bps_hac@v4.3.0
56	8fca5220-c238-4424-9199-8b3eab9a800a runid=0dfb5b492dc86ce99bf7c61c734eb364afcdb5c8 ch=4 start_time=2025-09-25T16:35:17.398161+00:00 flow_cell_id=AWX817 basecall_gpu=NVIDIA_Tegra_X2 protocol_group_id=ONT_trialEb_250925 sample_id=ONT_trail_250925 barcode=barcode24 barcode_alias=barcode24 parent_read_id=8fca5220-c238-4424-9199-8b3eab9a800a basecall_model_version_id=dna_r10.4.1_e8.2_400bps_hac@v4.3.0
56	667697b1-4f0b-4774-86b5-4a69714e5a46 runid=0dfb5b492dc86ce99bf7c61c734eb364afcdb5c8 ch=39 start_time=2025-09-26T11:36:58.398161+00:00 flow_cell_id=AWX817 basecall_gpu=NVIDIA_Tegra_X2 protocol_group_id=ONT_trialEb_250925 sample_id=ONT_trail_250925 barcode=barcode24 barcode_alias=barcode24 parent_read_id=667697b1-4f0b-4774-86b5-4a69714e5a46 basecall_model_version_id=dna_r10.4.1_e8.2_400bps_hac@v4.3.0 rc
56	ecaa97eb-e13f-47e5-ba43-33586eb8914d runid=0dfb5b492dc86ce99bf7c61c734eb364afcdb5c8 ch=93 start_time=2025-09-25T16:40:56.398161+00:00 flow_cell_id=AWX817 basecall_gpu=NVIDIA_Tegra_X2 protocol_group_id=ONT_trialEb_250925 sample_id=ONT_trail_250925 barcode=barcode24 barcode_alias=barcode24 parent_read_id=ecaa97eb-e13f-47e5-ba43-33586eb8914d basecall_model_version_id=dna_r10.4.1_e8.2_400bps_hac@v4.3.0 rc
56	f330fac6-c753-4a51-8a8c-0ad45685e291 runid=0dfb5b492dc86ce99bf7c61c734eb364afcdb5c8 ch=55 start_time=2025-09-25T17:58:06.398161+00:00 flow_cell_id=AWX817 basecall_gpu=NVIDIA_Tegra_X2 protocol_group_id=ONT_trialEb_250925 sample_id=ONT_trail_250925 barcode=barcode24 barcode_alias=barcode24 parent_read_id=f330fac6-c753-4a51-8a8c-0ad45685e291 basecall_model_version_id=dna_r10.4.1_e8.2_400bps_hac@v4.3.0 rc
56	6f8da272-c9fb-497d-b85e-7f0d219c47b2 runid=0dfb5b492dc86ce99bf7c61c734eb364afcdb5c8 ch=4 start_time=2025-09-26T03:49:17.398161+00:00 flow_cell_id=AWX817 basecall_gpu=NVIDIA_Tegra_X2 protocol_group_id=ONT_trialEb_250925 sample_id=ONT_trail_250925 barcode=barcode24 barcode_alias=barcode24 parent_read_id=6f8da272-c9fb-497d-b85e-7f0d219c47b2 basecall_model_version_id=dna_r10.4.1_e8.2_400bps_hac@v4.3.0 rc
56	b16cbc47-f0de-4df7-b4c7-692c817520c5 runid=0dfb5b492dc86ce99bf7c61c734eb364afcdb5c8 ch=85 start_time=2025-09-25T21:07:14.398161+00:00 flow_cell_id=AWX817 basecall_gpu=NVIDIA_Tegra_X2 protocol_group_id=ONT_trialEb_250925 sample_id=ONT_trail_250925 barcode=barcode24 barcode_alias=barcode24 parent_read_id=b16cbc47-f0de-4df7-b4c7-692c817520c5 basecall_model_version_id=dna_r10.4.1_e8.2_400bps_hac@v4.3.0 rc
14	f19a37c2-ab1b-4ce5-a34d-7e5a10853dde runid=0dfb5b492dc86ce99bf7c61c734eb364afcdb5c8 ch=20 start_time=2025-09-25T20:12:32.398161+00:00 flow_cell_id=AWX817 basecall_gpu=NVIDIA_Tegra_X2 protocol_group_id=ONT_trialEb_250925 sample_id=ONT_trail_250925 barcode=barcode24 barcode_alias=barcode24 parent_read_id=f19a37c2-ab1b-4ce5-a34d-7e5a10853dde basecall_model_version_id=dna_r10.4.1_e8.2_400bps_hac@v4.3.0 rc
14	41ca17c0-f286-40d7-9444-dd18244518d4 runid=0dfb5b492dc86ce99bf7c61c734eb364afcdb5c8 ch=110 start_time=2025-09-25T18:16:54.398161+00:00 flow_cell_id=AWX817 basecall_gpu=NVIDIA_Tegra_X2 protocol_group_id=ONT_trialEb_250925 sample_id=ONT_trail_250925 barcode=barcode24 barcode_alias=barcode24 parent_read_id=41ca17c0-f286-40d7-9444-dd18244518d4 basecall_model_version_id=dna_r10.4.1_e8.2_400bps_hac@v4.3.0 rc
14	7213e6a9-cf46-406e-82e4-80f9c61c387b runid=0dfb5b492dc86ce99bf7c61c734eb364afcdb5c8 ch=56 start_time=2025-09-25T17:32:42.398161+00:00 flow_cell_id=AWX817 basecall_gpu=NVIDIA_Tegra_X2 protocol_group_id=ONT_trialEb_250925 sample_id=ONT_trail_250925 barcode=barcode24 barcode_alias=barcode24 parent_read_id=7213e6a9-cf46-406e-82e4-80f9c61c387b basecall_model_version_id=dna_r10.4.1_e8.2_400bps_hac@v4.3.0
14	527c58e9-15b7-4e63-bce1-cedd8dccc0a2 runid=0dfb5b492dc86ce99bf7c61c734eb364afcdb5c8 ch=44 start_time=2025-09-26T05:21:04.398161+00:00 flow_cell_id=AWX817 basecall_gpu=NVIDIA_Tegra_X2 protocol_group_id=ONT_trialEb_250925 sample_id=ONT_trail_250925 barcode=barcode24 barcode_alias=barcode24 parent_read_id=527c58e9-15b7-4e63-bce1-cedd8dccc0a2 basecall_model_version_id=dna_r10.4.1_e8.2_400bps_hac@v4.3.0
14	2937734d-beae-428a-afdf-53dee097baea runid=0dfb5b492dc86ce99bf7c61c734eb364afcdb5c8 ch=44 start_time=2025-09-25T21:16:25.398161+00:00 flow_cell_id=AWX817 basecall_gpu=NVIDIA_Tegra_X2 protocol_group_id=ONT_trialEb_250925 sample_id=ONT_trail_250925 barcode=barcode24 barcode_alias=barcode24 parent_read_id=2937734d-beae-428a-afdf-53dee097baea basecall_model_version_id=dna_r10.4.1_e8.2_400bps_hac@v4.3.0
14	8f7f0ea6-4dc9-4200-8485-6ff0a7885691 runid=0dfb5b492dc86ce99bf7c61c734eb364afcdb5c8 ch=44 start_time=2025-09-25T17:34:58.398161+00:00 flow_cell_id=AWX817 basecall_gpu=NVIDIA_Tegra_X2 protocol_group_id=ONT_trialEb_250925 sample_id=ONT_trail_250925 barcode=barcode24 barcode_alias=barcode24 parent_read_id=8f7f0ea6-4dc9-4200-8485-6ff0a7885691 basecall_model_version_id=dna_r10.4.1_e8.2_400bps_hac@v4.3.0 rc
14	f50631e7-85c9-49e3-9469-78d066a83b12 runid=0dfb5b492dc86ce99bf7c61c734eb364afcdb5c8 ch=110 start_time=2025-09-25T18:15:45.398161+00:00 flow_cell_id=AWX817 basecall_gpu=NVIDIA_Tegra_X2 protocol_group_id=ONT_trialEb_250925 sample_id=ONT_trail_250925 barcode=barcode24 barcode_alias=barcode24 parent_read_id=f50631e7-85c9-49e3-9469-78d066a83b12 basecall_model_version_id=dna_r10.4.1_e8.2_400bps_hac@v4.3.0 rc
14	b31e0f08-4a44-4598-afa1-9f935fea1f90 runid=0dfb5b492dc86ce99bf7c61c734eb364afcdb5c8 ch=44 start_time=2025-09-26T01:46:35.398161+00:00 flow_cell_id=AWX817 basecall_gpu=NVIDIA_Tegra_X2 protocol_group_id=ONT_trialEb_250925 sample_id=ONT_trail_250925 barcode=barcode24 barcode_alias=barcode24 parent_read_id=7a9dd3b8-49aa-4bfa-83b1-24d2a4c4afff basecall_model_version_id=dna_r10.4.1_e8.2_400bps_hac@v4.3.0 rc
14	4518c5b5-d34b-4b35-a9c3-2ebdff475533 runid=0dfb5b492dc86ce99bf7c61c734eb364afcdb5c8 ch=44 start_time=2025-09-26T03:14:20.398161+00:00 flow_cell_id=AWX817 basecall_gpu=NVIDIA_Tegra_X2 protocol_group_id=ONT_trialEb_250925 sample_id=ONT_trail_250925 barcode=barcode24 barcode_alias=barcode24 parent_read_id=4518c5b5-d34b-4b35-a9c3-2ebdff475533 basecall_model_version_id=dna_r10.4.1_e8.2_400bps_hac@v4.3.0
42	dcf5cf00-831e-4b80-ac61-35780794b023 runid=0dfb5b492dc86ce99bf7c61c734eb364afcdb5c8 ch=39 start_time=2025-09-26T05:04:16.398161+00:00 flow_cell_id=AWX817 basecall_gpu=NVIDIA_Tegra_X2 protocol_group_id=ONT_trialEb_250925 sample_id=ONT_trail_250925 barcode=barcode24 barcode_alias=barcode24 parent_read_id=dcf5cf00-831e-4b80-ac61-35780794b023 basecall_model_version_id=dna_r10.4.1_e8.2_400bps_hac@v4.3.0 rc
42	09458271-80de-44cc-961e-8b0d9e11b789 runid=0dfb5b492dc86ce99bf7c61c734eb364afcdb5c8 ch=44 start_time=2025-09-26T02:33:43.398161+00:00 flow_cell_id=AWX817 basecall_gpu=NVIDIA_Tegra_X2 protocol_group_id=ONT_trialEb_250925 sample_id=ONT_trail_250925 barcode=barcode24 barcode_alias=barcode24 parent_read_id=09458271-80de-44cc-961e-8b0d9e11b789 basecall_model_version_id=dna_r10.4.1_e8.2_400bps_hac@v4.3.0
42	f8194c42-f48f-4f35-abb6-7ecb074f6690 runid=0dfb5b492dc86ce99bf7c61c734eb364afcdb5c8 ch=44 start_time=2025-09-25T18:32:33.398161+00:00 flow_cell_id=AWX817 basecall_gpu=NVIDIA_Tegra_X2 protocol_group_id=ONT_trialEb_250925 sample_id=ONT_trail_250925 barcode=barcode24 barcode_alias=barcode24 parent_read_id=f8194c42-f48f-4f35-abb6-7ecb074f6690 basecall_model_version_id=dna_r10.4.1_e8.2_400bps_hac@v4.3.0
42	e9ae5d2c-a9b8-46a2-b793-f74bb9e12a89 runid=0dfb5b492dc86ce99bf7c61c734eb364afcdb5c8 ch=100 start_time=2025-09-25T23:04:18.398161+00:00 flow_cell_id=AWX817 basecall_gpu=NVIDIA_Tegra_X2 protocol_group_id=ONT_trialEb_250925 sample_id=ONT_trail_250925 barcode=barcode24 barcode_alias=barcode24 parent_read_id=e9ae5d2c-a9b8-46a2-b793-f74bb9e12a89 basecall_model_version_id=dna_r10.4.1_e8.2_400bps_hac@v4.3.0
42	5c887572-1a7b-439d-8144-3d78d0f8f00b runid=0dfb5b492dc86ce99bf7c61c734eb364afcdb5c8 ch=49 start_time=2025-09-26T10:24:02.398161+00:00 flow_cell_id=AWX817 basecall_gpu=NVIDIA_Tegra_X2 protocol_group_id=ONT_trialEb_250925 sample_id=ONT_trail_250925 barcode=barcode24 barcode_alias=barcode24 parent_read_id=5c887572-1a7b-439d-8144-3d78d0f8f00b basecall_model_version_id=dna_r10.4.1_e8.2_400bps_hac@v4.3.0
42	1cb49573-eb4a-48b9-a8d2-33ab0df0b1bc runid=0dfb5b492dc86ce99bf7c61c734eb364afcdb5c8 ch=110 start_time=2025-09-25T21:15:01.398161+00:00 flow_cell_id=AWX817 basecall_gpu=NVIDIA_Tegra_X2 protocol_group_id=ONT_trialEb_250925 sample_id=ONT_trail_250925 barcode=barcode24 barcode_alias=barcode24 parent_read_id=1cb49573-eb4a-48b9-a8d2-33ab0df0b1bc basecall_model_version_id=dna_r10.4.1_e8.2_400bps_hac@v4.3.0 rc
42	c65b6ac5-90a5-4e1e-aa5a-2c36af8a57f4 runid=0dfb5b492dc86ce99bf7c61c734eb364afcdb5c8 ch=42 start_time=2025-09-26T03:40:50.398161+00:00 flow_cell_id=AWX817 basecall_gpu=NVIDIA_Tegra_X2 protocol_group_id=ONT_trialEb_250925 sample_id=ONT_trail_250925 barcode=barcode24 barcode_alias=barcode24 parent_read_id=c65b6ac5-90a5-4e1e-aa5a-2c36af8a57f4 basecall_model_version_id=dna_r10.4.1_e8.2_400bps_hac@v4.3.0 rc
42	2d7537d0-3a2b-4c29-abe0-05b7bdcf6aa7 runid=0dfb5b492dc86ce99bf7c61c734eb364afcdb5c8 ch=43 start_time=2025-09-25T18:43:28.398161+00:00 flow_cell_id=AWX817 basecall_gpu=NVIDIA_Tegra_X2 protocol_group_id=ONT_trialEb_250925 sample_id=ONT_trail_250925 barcode=barcode24 barcode_alias=barcode24 parent_read_id=2d7537d0-3a2b-4c29-abe0-05b7bdcf6aa7 basecall_model_version_id=dna_r10.4.1_e8.2_400bps_hac@v4.3.0 rc
42	20bcd706-62ed-43b0-accf-2f2fe82beaaf runid=0dfb5b492dc86ce99bf7c61c734eb364afcdb5c8 ch=110 start_time=2025-09-25T21:54:29.398161+00:00 flow_cell_id=AWX817 basecall_gpu=NVIDIA_Tegra_X2 protocol_group_id=ONT_trialEb_250925 sample_id=ONT_trail_250925 barcode=barcode24 barcode_alias=barcode24 parent_read_id=20bcd706-62ed-43b0-accf-2f2fe82beaaf basecall_model_version_id=dna_r10.4.1_e8.2_400bps_hac@v4.3.0
85	def3a012-cb87-45f3-9fd5-383e2a8aea26 runid=0dfb5b492dc86ce99bf7c61c734eb364afcdb5c8 ch=4 start_time=2025-09-26T02:14:46.398161+00:00 flow_cell_id=AWX817 basecall_gpu=NVIDIA_Tegra_X2 protocol_group_id=ONT_trialEb_250925 sample_id=ONT_trail_250925 barcode=barcode24 barcode_alias=barcode24 parent_read_id=def3a012-cb87-45f3-9fd5-383e2a8aea26 basecall_model_version_id=dna_r10.4.1_e8.2_400bps_hac@v4.3.0
85	4962ef79-6487-4de8-810a-4440ab4dfdd9 runid=0dfb5b492dc86ce99bf7c61c734eb364afcdb5c8 ch=5 start_time=2025-09-25T18:13:20.398161+00:00 flow_cell_id=AWX817 basecall_gpu=NVIDIA_Tegra_X2 protocol_group_id=ONT_trialEb_250925 sample_id=ONT_trail_250925 barcode=barcode24 barcode_alias=barcode24 parent_read_id=4962ef79-6487-4de8-810a-4440ab4dfdd9 basecall_model_version_id=dna_r10.4.1_e8.2_400bps_hac@v4.3.0
85	4fc83c5b-99f9-4de4-8caa-2cf8f7138484 runid=0dfb5b492dc86ce99bf7c61c734eb364afcdb5c8 ch=43 start_time=2025-09-25T16:55:29.398161+00:00 flow_cell_id=AWX817 basecall_gpu=NVIDIA_Tegra_X2 protocol_group_id=ONT_trialEb_250925 sample_id=ONT_trail_250925 barcode=barcode24 barcode_alias=barcode24 parent_read_id=03cc024a-65cf-4890-94ae-09e79fa329d4 basecall_model_version_id=dna_r10.4.1_e8.2_400bps_hac@v4.3.0
85	8a09f0ce-163a-4e2b-8228-373dccd0bf16 runid=0dfb5b492dc86ce99bf7c61c734eb364afcdb5c8 ch=106 start_time=2025-09-25T19:15:10.398161+00:00 flow_cell_id=AWX817 basecall_gpu=NVIDIA_Tegra_X2 protocol_group_id=ONT_trialEb_250925 sample_id=ONT_trail_250925 barcode=barcode24 barcode_alias=barcode24 parent_read_id=8a09f0ce-163a-4e2b-8228-373dccd0bf16 basecall_model_version_id=dna_r10.4.1_e8.2_400bps_hac@v4.3.0
85	07054847-e308-44b2-aa0c-97c4396786eb runid=0dfb5b492dc86ce99bf7c61c734eb364afcdb5c8 ch=4 start_time=2025-09-25T19:31:50.398161+00:00 flow_cell_id=AWX817 basecall_gpu=NVIDIA_Tegra_X2 protocol_group_id=ONT_trialEb_250925 sample_id=ONT_trail_250925 barcode=barcode24 barcode_alias=barcode24 parent_read_id=35359c34-198f-4558-97db-d4033c079301 basecall_model_version_id=dna_r10.4.1_e8.2_400bps_hac@v4.3.0
85	6fbadfaa-bbfb-4225-9c65-2627a7600810 runid=0dfb5b492dc86ce99bf7c61c734eb364afcdb5c8 ch=58 start_time=2025-09-25T19:43:44.398161+00:00 flow_cell_id=AWX817 basecall_gpu=NVIDIA_Tegra_X2 protocol_group_id=ONT_trialEb_250925 sample_id=ONT_trail_250925 barcode=barcode24 barcode_alias=barcode24 parent_read_id=6fbadfaa-bbfb-4225-9c65-2627a7600810 basecall_model_version_id=dna_r10.4.1_e8.2_400bps_hac@v4.3.0
85	c5af8e40-0be0-4d16-a1d5-87844e5f8210 runid=0dfb5b492dc86ce99bf7c61c734eb364afcdb5c8 ch=5 start_time=2025-09-25T22:03:53.398161+00:00 flow_cell_id=AWX817 basecall_gpu=NVIDIA_Tegra_X2 protocol_group_id=ONT_trialEb_250925 sample_id=ONT_trail_250925 barcode=barcode24 barcode_alias=barcode24 parent_read_id=c5af8e40-0be0-4d16-a1d5-87844e5f8210 basecall_model_version_id=dna_r10.4.1_e8.2_400bps_hac@v4.3.0 rc
85	433e0882-835e-4819-8340-250d4763a182 runid=0dfb5b492dc86ce99bf7c61c734eb364afcdb5c8 ch=90 start_time=2025-09-25T18:38:32.398161+00:00 flow_cell_id=AWX817 basecall_gpu=NVIDIA_Tegra_X2 protocol_group_id=ONT_trialEb_250925 sample_id=ONT_trail_250925 barcode=barcode24 barcode_alias=barcode24 parent_read_id=433e0882-835e-4819-8340-250d4763a182 basecall_model_version_id=dna_r10.4.1_e8.2_400bps_hac@v4.3.0 rc
85	d700d514-3a85-4b6c-a61d-a90c62a44775 runid=0dfb5b492dc86ce99bf7c61c734eb364afcdb5c8 ch=6 start_time=2025-09-25T18:14:59.398161+00:00 flow_cell_id=AWX817 basecall_gpu=NVIDIA_Tegra_X2 protocol_group_id=ONT_trialEb_250925 sample_id=ONT_trail_250925 barcode=barcode24 barcode_alias=barcode24 parent_read_id=d700d514-3a85-4b6c-a61d-a90c62a44775 basecall_model_version_id=dna_r10.4.1_e8.2_400bps_hac@v4.3.0
98	d6d43e26-f2b4-4abb-a3fc-08150a11194c runid=0dfb5b492dc86ce99bf7c61c734eb364afcdb5c8 ch=10 start_time=2025-09-25T16:23:11.398161+00:00 flow_cell_id=AWX817 basecall_gpu=NVIDIA_Tegra_X2 protocol_group_id=ONT_trialEb_250925 sample_id=ONT_trail_250925 barcode=barcode24 barcode_alias=barcode24 parent_read_id=d6d43e26-f2b4-4abb-a3fc-08150a11194c basecall_model_version_id=dna_r10.4.1_e8.2_400bps_hac@v4.3.0
98	fe3f7e17-5f33-4fa1-ac3a-9ceb6e4f44ff runid=0dfb5b492dc86ce99bf7c61c734eb364afcdb5c8 ch=20 start_time=2025-09-25T23:42:37.398161+00:00 flow_cell_id=AWX817 basecall_gpu=NVIDIA_Tegra_X2 protocol_group_id=ONT_trialEb_250925 sample_id=ONT_trail_250925 barcode=barcode24 barcode_alias=barcode24 parent_read_id=fe3f7e17-5f33-4fa1-ac3a-9ceb6e4f44ff basecall_model_version_id=dna_r10.4.1_e8.2_400bps_hac@v4.3.0
98	59d3b8b6-d2d1-4449-a8dd-83364cf6168a runid=0dfb5b492dc86ce99bf7c61c734eb364afcdb5c8 ch=113 start_time=2025-09-25T17:10:00.398161+00:00 flow_cell_id=AWX817 basecall_gpu=NVIDIA_Tegra_X2 protocol_group_id=ONT_trialEb_250925 sample_id=ONT_trail_250925 barcode=barcode24 barcode_alias=barcode24 parent_read_id=59d3b8b6-d2d1-4449-a8dd-83364cf6168a basecall_model_version_id=dna_r10.4.1_e8.2_400bps_hac@v4.3.0
98	5897c50f-3eea-4510-9b77-165a070266c8 runid=0dfb5b492dc86ce99bf7c61c734eb364afcdb5c8 ch=79 start_time=2025-09-25T23:37:38.398161+00:00 flow_cell_id=AWX817 basecall_gpu=NVIDIA_Tegra_X2 protocol_group_id=ONT_trialEb_250925 sample_id=ONT_trail_250925 barcode=barcode24 barcode_alias=barcode24 parent_read_id=5897c50f-3eea-4510-9b77-165a070266c8 basecall_model_version_id=dna_r10.4.1_e8.2_400bps_hac@v4.3.0
98	cfb2ed50-2131-41d1-97af-1a63d6864728 runid=0dfb5b492dc86ce99bf7c61c734eb364afcdb5c8 ch=39 start_time=2025-09-26T10:37:50.398161+00:00 flow_cell_id=AWX817 basecall_gpu=NVIDIA_Tegra_X2 protocol_group_id=ONT_trialEb_250925 sample_id=ONT_trail_250925 barcode=barcode24 barcode_alias=barcode24 parent_read_id=cfb2ed50-2131-41d1-97af-1a63d6864728 basecall_model_version_id=dna_r10.4.1_e8.2_400bps_hac@v4.3.0
98	01e56558-5f7c-4483-b538-ad2f994eb56c runid=0dfb5b492dc86ce99bf7c61c734eb364afcdb5c8 ch=5 start_time=2025-09-25T16:29:31.398161+00:00 flow_cell_id=AWX817 basecall_gpu=NVIDIA_Tegra_X2 protocol_group_id=ONT_trialEb_250925 sample_id=ONT_trail_250925 barcode=barcode24 barcode_alias=barcode24 parent_read_id=01e56558-5f7c-4483-b538-ad2f994eb56c basecall_model_version_id=dna_r10.4.1_e8.2_400bps_hac@v4.3.0
43	33cc8139-016b-495e-aaa4-006c81188f53 runid=0dfb5b492dc86ce99bf7c61c734eb364afcdb5c8 ch=110 start_time=2025-09-25T17:36:39.398161+00:00 flow_cell_id=AWX817 basecall_gpu=NVIDIA_Tegra_X2 protocol_group_id=ONT_trialEb_250925 sample_id=ONT_trail_250925 barcode=barcode24 barcode_alias=barcode24 parent_read_id=33cc8139-016b-495e-aaa4-006c81188f53 basecall_model_version_id=dna_r10.4.1_e8.2_400bps_hac@v4.3.0 rc
43	a2447838-a35a-4742-82b0-1cd3e5202db0 runid=0dfb5b492dc86ce99bf7c61c734eb364afcdb5c8 ch=20 start_time=2025-09-25T23:17:58.398161+00:00 flow_cell_id=AWX817 basecall_gpu=NVIDIA_Tegra_X2 protocol_group_id=ONT_trialEb_250925 sample_id=ONT_trail_250925 barcode=barcode24 barcode_alias=barcode24 parent_read_id=a2447838-a35a-4742-82b0-1cd3e5202db0 basecall_model_version_id=dna_r10.4.1_e8.2_400bps_hac@v4.3.0 rc
43	1da2687d-a112-4992-a67d-c4c940029f0b runid=0dfb5b492dc86ce99bf7c61c734eb364afcdb5c8 ch=77 start_time=2025-09-26T00:02:36.398161+00:00 flow_cell_id=AWX817 basecall_gpu=NVIDIA_Tegra_X2 protocol_group_id=ONT_trialEb_250925 sample_id=ONT_trail_250925 barcode=barcode24 barcode_alias=barcode24 parent_read_id=1da2687d-a112-4992-a67d-c4c940029f0b basecall_model_version_id=dna_r10.4.1_e8.2_400bps_hac@v4.3.0 rc
43	574482da-7617-4d71-b7d0-f3bd90af48c4 runid=0dfb5b492dc86ce99bf7c61c734eb364afcdb5c8 ch=44 start_time=2025-09-25T17:07:07.398161+00:00 flow_cell_id=AWX817 basecall_gpu=NVIDIA_Tegra_X2 protocol_group_id=ONT_trialEb_250925 sample_id=ONT_trail_250925 barcode=barcode24 barcode_alias=barcode24 parent_read_id=574482da-7617-4d71-b7d0-f3bd90af48c4 basecall_model_version_id=dna_r10.4.1_e8.2_400bps_hac@v4.3.0 rc
43	6b1247b0-6464-4fe4-8d85-b403b9479f06 runid=0dfb5b492dc86ce99bf7c61c734eb364afcdb5c8 ch=58 start_time=2025-09-25T20:08:27.398161+00:00 flow_cell_id=AWX817 basecall_gpu=NVIDIA_Tegra_X2 protocol_group_id=ONT_trialEb_250925 sample_id=ONT_trail_250925 barcode=barcode24 barcode_alias=barcode24 parent_read_id=6b1247b0-6464-4fe4-8d85-b403b9479f06 basecall_model_version_id=dna_r10.4.1_e8.2_400bps_hac@v4.3.0 rc
17	f69c92f3-b58d-462f-be82-02d26b60c9f3 runid=0dfb5b492dc86ce99bf7c61c734eb364afcdb5c8 ch=4 start_time=2025-09-25T18:39:35.398161+00:00 flow_cell_id=AWX817 basecall_gpu=NVIDIA_Tegra_X2 protocol_group_id=ONT_trialEb_250925 sample_id=ONT_trail_250925 barcode=barcode24 barcode_alias=barcode24 parent_read_id=f69c92f3-b58d-462f-be82-02d26b60c9f3 basecall_model_version_id=dna_r10.4.1_e8.2_400bps_hac@v4.3.0
17	6aef3243-3f82-4156-8698-0a476687076f runid=0dfb5b492dc86ce99bf7c61c734eb364afcdb5c8 ch=44 start_time=2025-09-25T18:25:34.398161+00:00 flow_cell_id=AWX817 basecall_gpu=NVIDIA_Tegra_X2 protocol_group_id=ONT_trialEb_250925 sample_id=ONT_trail_250925 barcode=barcode24 barcode_alias=barcode24 parent_read_id=6aef3243-3f82-4156-8698-0a476687076f basecall_model_version_id=dna_r10.4.1_e8.2_400bps_hac@v4.3.0 rc
17	5c3f9f4e-86f4-4184-adea-13a46c14dbcc runid=0dfb5b492dc86ce99bf7c61c734eb364afcdb5c8 ch=40 start_time=2025-09-25T16:09:58.398161+00:00 flow_cell_id=AWX817 basecall_gpu=NVIDIA_Tegra_X2 protocol_group_id=ONT_trialEb_250925 sample_id=ONT_trail_250925 barcode=barcode24 barcode_alias=barcode24 parent_read_id=5c3f9f4e-86f4-4184-adea-13a46c14dbcc basecall_model_version_id=dna_r10.4.1_e8.2_400bps_hac@v4.3.0
58	54eb35e4-4fb5-4689-8056-2300a4c283e8 runid=0dfb5b492dc86ce99bf7c61c734eb364afcdb5c8 ch=80 start_time=2025-09-25T20:33:44.398161+00:00 flow_cell_id=AWX817 basecall_gpu=NVIDIA_Tegra_X2 protocol_group_id=ONT_trialEb_250925 sample_id=ONT_trail_250925 barcode=barcode24 barcode_alias=barcode24 parent_read_id=54eb35e4-4fb5-4689-8056-2300a4c283e8 basecall_model_version_id=dna_r10.4.1_e8.2_400bps_hac@v4.3.0 rc
58	d74a8f9a-ea5e-42dc-82e2-7778c24eeee1 runid=0dfb5b492dc86ce99bf7c61c734eb364afcdb5c8 ch=94 start_time=2025-09-25T16:20:01.398161+00:00 flow_cell_id=AWX817 basecall_gpu=NVIDIA_Tegra_X2 protocol_group_id=ONT_trialEb_250925 sample_id=ONT_trail_250925 barcode=barcode24 barcode_alias=barcode24 parent_read_id=d74a8f9a-ea5e-42dc-82e2-7778c24eeee1 basecall_model_version_id=dna_r10.4.1_e8.2_400bps_hac@v4.3.0 rc
58	295f76c6-d77d-441e-aebb-17a3baa8717d runid=0dfb5b492dc86ce99bf7c61c734eb364afcdb5c8 ch=20 start_time=2025-09-26T07:08:25.398161+00:00 flow_cell_id=AWX817 basecall_gpu=NVIDIA_Tegra_X2 protocol_group_id=ONT_trialEb_250925 sample_id=ONT_trail_250925 barcode=barcode24 barcode_alias=barcode24 parent_read_id=295f76c6-d77d-441e-aebb-17a3baa8717d basecall_model_version_id=dna_r10.4.1_e8.2_400bps_hac@v4.3.0 rc
84	a4ee1e53-da40-4dfd-9fa0-d4a8e1ce61e7 runid=0dfb5b492dc86ce99bf7c61c734eb364afcdb5c8 ch=108 start_time=2025-09-25T18:26:16.398161+00:00 flow_cell_id=AWX817 basecall_gpu=NVIDIA_Tegra_X2 protocol_group_id=ONT_trialEb_250925 sample_id=ONT_trail_250925 barcode=barcode24 barcode_alias=barcode24 parent_read_id=a4ee1e53-da40-4dfd-9fa0-d4a8e1ce61e7 basecall_model_version_id=dna_r10.4.1_e8.2_400bps_hac@v4.3.0
84	79d70fd3-e6e9-472e-af3c-7467f1efffaa runid=0dfb5b492dc86ce99bf7c61c734eb364afcdb5c8 ch=100 start_time=2025-09-25T22:44:51.398161+00:00 flow_cell_id=AWX817 basecall_gpu=NVIDIA_Tegra_X2 protocol_group_id=ONT_trialEb_250925 sample_id=ONT_trail_250925 barcode=barcode24 barcode_alias=barcode24 parent_read_id=79d70fd3-e6e9-472e-af3c-7467f1efffaa basecall_model_version_id=dna_r10.4.1_e8.2_400bps_hac@v4.3.0 rc
84	4d3d3bdf-1ce5-4a93-b722-81a3f3bb3844 runid=0dfb5b492dc86ce99bf7c61c734eb364afcdb5c8 ch=91 start_time=2025-09-25T17:35:16.398161+00:00 flow_cell_id=AWX817 basecall_gpu=NVIDIA_Tegra_X2 protocol_group_id=ONT_trialEb_250925 sample_id=ONT_trail_250925 barcode=barcode24 barcode_alias=barcode24 parent_read_id=4d3d3bdf-1ce5-4a93-b722-81a3f3bb3844 basecall_model_version_id=dna_r10.4.1_e8.2_400bps_hac@v4.3.0 rc
24	68fd22de-ecdd-4226-8d0c-fe7e970f48d2 runid=0dfb5b492dc86ce99bf7c61c734eb364afcdb5c8 ch=44 start_time=2025-09-25T20:31:32.398161+00:00 flow_cell_id=AWX817 basecall_gpu=NVIDIA_Tegra_X2 protocol_group_id=ONT_trialEb_250925 sample_id=ONT_trail_250925 barcode=barcode24 barcode_alias=barcode24 parent_read_id=ba9913ad-891a-4001-b353-899d0b35b42b basecall_model_version_id=dna_r10.4.1_e8.2_400bps_hac@v4.3.0
24	615595a1-6ae5-43f0-8e80-5595bbfd2c83 runid=0dfb5b492dc86ce99bf7c61c734eb364afcdb5c8 ch=110 start_time=2025-09-25T18:40:57.398161+00:00 flow_cell_id=AWX817 basecall_gpu=NVIDIA_Tegra_X2 protocol_group_id=ONT_trialEb_250925 sample_id=ONT_trail_250925 barcode=barcode24 barcode_alias=barcode24 parent_read_id=615595a1-6ae5-43f0-8e80-5595bbfd2c83 basecall_model_version_id=dna_r10.4.1_e8.2_400bps_hac@v4.3.0 rc
29	f4c7b622-de80-4309-8fb3-66532ecaa91f runid=0dfb5b492dc86ce99bf7c61c734eb364afcdb5c8 ch=80 start_time=2025-09-25T17:26:17.398161+00:00 flow_cell_id=AWX817 basecall_gpu=NVIDIA_Tegra_X2 protocol_group_id=ONT_trialEb_250925 sample_id=ONT_trail_250925 barcode=barcode24 barcode_alias=barcode24 parent_read_id=f4c7b622-de80-4309-8fb3-66532ecaa91f basecall_model_version_id=dna_r10.4.1_e8.2_400bps_hac@v4.3.0
29	5b732f4f-5e52-475f-9b07-67b04bdf4c76 runid=0dfb5b492dc86ce99bf7c61c734eb364afcdb5c8 ch=20 start_time=2025-09-26T08:00:09.398161+00:00 flow_cell_id=AWX817 basecall_gpu=NVIDIA_Tegra_X2 protocol_group_id=ONT_trialEb_250925 sample_id=ONT_trail_250925 barcode=barcode24 barcode_alias=barcode24 parent_read_id=5b732f4f-5e52-475f-9b07-67b04bdf4c76 basecall_model_version_id=dna_r10.4.1_e8.2_400bps_hac@v4.3.0
78	f16880c1-518b-4532-814f-381dab743677 runid=0dfb5b492dc86ce99bf7c61c734eb364afcdb5c8 ch=15 start_time=2025-09-25T19:15:14.398161+00:00 flow_cell_id=AWX817 basecall_gpu=NVIDIA_Tegra_X2 protocol_group_id=ONT_trialEb_250925 sample_id=ONT_trail_250925 barcode=barcode24 barcode_alias=barcode24 parent_read_id=f16880c1-518b-4532-814f-381dab743677 basecall_model_version_id=dna_r10.4.1_e8.2_400bps_hac@v4.3.0 rc
78	1c5638f9-f802-4031-b6a7-b469733f27d6 runid=0dfb5b492dc86ce99bf7c61c734eb364afcdb5c8 ch=20 start_time=2025-09-26T02:56:22.398161+00:00 flow_cell_id=AWX817 basecall_gpu=NVIDIA_Tegra_X2 protocol_group_id=ONT_trialEb_250925 sample_id=ONT_trail_250925 barcode=barcode24 barcode_alias=barcode24 parent_read_id=1c5638f9-f802-4031-b6a7-b469733f27d6 basecall_model_version_id=dna_r10.4.1_e8.2_400bps_hac@v4.3.0 rc
11	9319f0fc-ee0f-4478-bf71-010d52c5770f runid=0dfb5b492dc86ce99bf7c61c734eb364afcdb5c8 ch=58 start_time=2025-09-25T22:10:04.398161+00:00 flow_cell_id=AWX817 basecall_gpu=NVIDIA_Tegra_X2 protocol_group_id=ONT_trialEb_250925 sample_id=ONT_trail_250925 barcode=barcode24 barcode_alias=barcode24 parent_read_id=9319f0fc-ee0f-4478-bf71-010d52c5770f basecall_model_version_id=dna_r10.4.1_e8.2_400bps_hac@v4.3.0 rc
59	c1c63c8f-d359-4717-a07f-24616626ec46 runid=0dfb5b492dc86ce99bf7c61c734eb364afcdb5c8 ch=20 start_time=2025-09-26T05:34:56.398161+00:00 flow_cell_id=AWX817 basecall_gpu=NVIDIA_Tegra_X2 protocol_group_id=ONT_trialEb_250925 sample_id=ONT_trail_250925 barcode=barcode24 barcode_alias=barcode24 parent_read_id=c1c63c8f-d359-4717-a07f-24616626ec46 basecall_model_version_id=dna_r10.4.1_e8.2_400bps_hac@v4.3.0 rc
83	8a462f0f-71ff-4759-96e7-02025390d775 runid=0dfb5b492dc86ce99bf7c61c734eb364afcdb5c8 ch=94 start_time=2025-09-25T15:51:23.398161+00:00 flow_cell_id=AWX817 basecall_gpu=NVIDIA_Tegra_X2 protocol_group_id=ONT_trialEb_250925 sample_id=ONT_trail_250925 barcode=barcode24 barcode_alias=barcode24 parent_read_id=8a462f0f-71ff-4759-96e7-02025390d775 basecall_model_version_id=dna_r10.4.1_e8.2_400bps_hac@v4.3.0 rc
88	37731bff-153b-40ff-a345-5c2f86f76144 runid=0dfb5b492dc86ce99bf7c61c734eb364afcdb5c8 ch=81 start_time=2025-09-26T00:51:08.398161+00:00 flow_cell_id=AWX817 basecall_gpu=NVIDIA_Tegra_X2 protocol_group_id=ONT_trialEb_250925 sample_id=ONT_trail_250925 barcode=barcode24 barcode_alias=barcode24 parent_read_id=37731bff-153b-40ff-a345-5c2f86f76144 basecall_model_version_id=dna_r10.4.1_e8.2_400bps_hac@v4.3.0 rc
92	c916a40b-ce60-4d16-8682-82ca1d4da51b runid=0dfb5b492dc86ce99bf7c61c734eb364afcdb5c8 ch=4 start_time=2025-09-26T05:26:39.398161+00:00 flow_cell_id=AWX817 basecall_gpu=NVIDIA_Tegra_X2 protocol_group_id=ONT_trialEb_250925 sample_id=ONT_trail_250925 barcode=barcode24 barcode_alias=barcode24 parent_read_id=c916a40b-ce60-4d16-8682-82ca1d4da51b basecall_model_version_id=dna_r10.4.1_e8.2_400bps_hac@v4.3.0
99	aaa9b4f0-f06b-4c5b-8e0d-f23bbbf13f4b runid=0dfb5b492dc86ce99bf7c61c734eb364afcdb5c8 ch=85 start_time=2025-09-26T02:15:17.398161+00:00 flow_cell_id=AWX817 basecall_gpu=NVIDIA_Tegra_X2 protocol_group_id=ONT_trialEb_250925 sample_id=ONT_trail_250925 barcode=barcode24 barcode_alias=barcode24 parent_read_id=aaa9b4f0-f06b-4c5b-8e0d-f23bbbf13f4b basecall_model_version_id=dna_r10.4.1_e8.2_400bps_hac@v4.3.0
105	8099b7f6-0336-4a69-95d2-d3c3a56deadb runid=0dfb5b492dc86ce99bf7c61c734eb364afcdb5c8 ch=118 start_time=2025-09-26T04:21:49.398161+00:00 flow_cell_id=AWX817 basecall_gpu=NVIDIA_Tegra_X2 protocol_group_id=ONT_trialEb_250925 sample_id=ONT_trail_250925 barcode=barcode24 barcode_alias=barcode24 parent_read_id=8099b7f6-0336-4a69-95d2-d3c3a56deadb basecall_model_version_id=dna_r10.4.1_e8.2_400bps_hac@v4.3.0
