35	376f0e04-686f-4945-bcd1-3881a266a724 runid=0dfb5b492dc86ce99bf7c61c734eb364afcdb5c8 ch=4 start_time=2025-09-26T01:49:35.398161+00:00 flow_cell_id=AWX817 basecall_gpu=NVIDIA_Tegra_X2 protocol_group_id=ONT_trialEb_250925 sample_id=ONT_trail_250925 barcode=barcode24 barcode_alias=barcode24 parent_read_id=376f0e04-686f-4945-bcd1-3881a266a724 basecall_model_version_id=dna_r10.4.1_e8.2_400bps_hac@v4.3.0 rc
35	65e94f86-10f8-4010-a5d0-ad0f817b9a64 runid=0dfb5b492dc86ce99bf7c61c734eb364afcdb5c8 ch=20 start_time=2025-09-25T19:11:16.398161+00:00 flow_cell_id=AWX817 basecall_gpu=NVIDIA_Tegra_X2 protocol_group_id=ONT_trialEb_250925 sample_id=ONT_trail_250925 barcode=barcode24 barcode_alias=barcode24 parent_read_id=65e94f86-10f8-4010-a5d0-ad0f817b9a64 basecall_model_version_id=dna_r10.4.1_e8.2_400bps_hac@v4.3.0
35	e29a93f3-65d7-4d0c-b011-d6b02b089d9f runid=0dfb5b492dc86ce99bf7c61c734eb364afcdb5c8 ch=44 start_time=2025-09-26T02:18:43.398161+00:00 flow_cell_id=AWX817 basecall_gpu=NVIDIA_Tegra_X2 protocol_group_id=ONT_trialEb_250925 sample_id=ONT_trail_250925 barcode=barcode24 barcode_alias=barcode24 parent_read_id=e29a93f3-65d7-4d0c-b011-d6b02b089d9f basecall_model_version_id=dna_r10.4.1_e8.2_400bps_hac@v4.3.0 rc
35	bd5da9f0-32f3-4212-9218-f76bf46af0f9 runid=0dfb5b492dc86ce99bf7c61c734eb364afcdb5c8 ch=49 start_time=2025-09-25T18:44:31.398161+00:00 flow_cell_id=AWX817 basecall_gpu=NVIDIA_Tegra_X2 protocol_group_id=ONT_trialEb_250925 sample_id=ONT_trail_250925 barcode=barcode24 barcode_alias=barcode24 parent_read_id=bd5da9f0-32f3-4212-9218-f76bf46af0f9 basecall_model_version_id=dna_r10.4.1_e8.2_400bps_hac@v4.3.0 rc
35	8467819d-a70c-4248-856c-906a461b5efc runid=0dfb5b492dc86ce99bf7c61c734eb364afcdb5c8 ch=20 start_time=2025-09-26T05:58:56.398161+00:00 flow_cell_id=AWX817 basecall_gpu=NVIDIA_Tegra_X2 protocol_group_id=ONT_trialEb_250925 sample_id=ONT_trail_250925 barcode=barcode24 barcode_alias=barcode24 parent_read_id=8467819d-a70c-4248-856c-906a461b5efc basecall_model_version_id=dna_r10.4.1_e8.2_400bps_hac@v4.3.0
35	7cec5b52-2e64-4ce6-be60-a43c1646e0c7 runid=0dfb5b492dc86ce99bf7c61c734eb364afcdb5c8 ch=58 start_time=2025-09-25T17:43:05.398161+00:00 flow_cell_id=AWX817 basecall_gpu=NVIDIA_Tegra_X2 protocol_group_id=ONT_trialEb_250925 sample_id=ONT_trail_250925 barcode=barcode24 barcode_alias=barcode24 parent_read_id=7cec5b52-2e64-4ce6-be60-a43c1646e0c7 basecall_model_version_id=dna_r10.4.1_e8.2_400bps_hac@v4.3.0
35	39500332-83b4-4b4c-9087-170e7eef3ecc runid=0dfb5b492dc86ce99bf7c61c734eb364afcdb5c8 ch=44 start_time=2025-09-25T19:12:25.398161+00:00 flow_cell_id=AWX817 basecall_gpu=NVIDIA_Tegra_X2 protocol_group_id=ONT_trialEb_250925 sample_id=ONT_trail_250925 barcode=barcode24 barcode_alias=barcode24 parent_read_id=39500332-83b4-4b4c-9087-170e7eef3ecc basecall_model_version_id=dna_r10.4.1_e8.2_400bps_hac@v4.3.0
35	32674c2b-e204-441e-9737-772a92d256fc runid=0dfb5b492dc86ce99bf7c61c734eb364afcdb5c8 ch=56 start_time=2025-09-25T18:40:52.398161+00:00 flow_cell_id=AWX817 basecall_gpu=NVIDIA_Tegra_X2 protocol_group_id=ONT_trialEb_250925 sample_id=ONT_trail_250925 barcode=barcode24 barcode_alias=barcode24 parent_read_id=32674c2b-e204-441e-9737-772a92d256fc basecall_model_version_id=dna_r10.4.1_e8.2_400bps_hac@v4.3.0
35	55b8ef45-65f0-4a48-8044-b0c8265b0b0b runid=0dfb5b492dc86ce99bf7c61c734eb364afcdb5c8 ch=4 start_time=2025-09-25T16:39:22.398161+00:00 flow_cell_id=AWX817 basecall_gpu=NVIDIA_Tegra_X2 protocol_group_id=ONT_trialEb_250925 sample_id=ONT_trail_250925 barcode=barcode24 barcode_alias=barcode24 parent_read_id=55b8ef45-65f0-4a48-8044-b0c8265b0b0b basecall_model_version_id=dna_r10.4.1_e8.2_400bps_hac@v4.3.0 rc
35	afdd3a75-021a-4125-8ac3-72ee79cc1e2a runid=0dfb5b492dc86ce99bf7c61c734eb364afcdb5c8 ch=4 start_time=2025-09-25T17:39:17.398161+00:00 flow_cell_id=AWX817 basecall_gpu=NVIDIA_Tegra_X2 protocol_group_id=ONT_trialEb_250925 sample_id=ONT_trail_250925 barcode=barcode24 barcode_alias=barcode24 parent_read_id=afdd3a75-021a-4125-8ac3-72ee79cc1e2a basecall_model_version_id=dna_r10.4.1_e8.2_400bps_hac@v4.3.0 rc
35	0c747c72-f00f-41b1-946b-de6b5cc1f11d runid=0dfb5b492dc86ce99bf7c61c734eb364afcdb5c8 ch=4 start_time=2025-09-26T01:14:55.398161+00:00 flow_cell_id=AWX817 basecall_gpu=NVIDIA_Tegra_X2 protocol_group_id=ONT_trialEb_250925 sample_id=ONT_trail_250925 barcode=barcode24 barcode_alias=barcode24 parent_read_id=0c747c72-f00f-41b1-946b-de6b5cc1f11d basecall_model_version_id=dna_r10.4.1_e8.2_400bps_hac@v4.3.0
35	b776f8dc-cdcf-48ea-9dda-ed99d2ef30f8 runid=0dfb5b492dc86ce99bf7c61c734eb364afcdb5c8 ch=18 start_time=2025-09-25T18:59:41.398161+00:00 flow_cell_id=AWX817 basecall_gpu=NVIDIA_Tegra_X2 protocol_group_id=ONT_trialEb_250925 sample_id=ONT_trail_250925 barcode=barcode24 barcode_alias=barcode24 parent_read_id=b776f8dc-cdcf-48ea-9dda-ed99d2ef30f8 basecall_model_version_id=dna_r10.4.1_e8.2_400bps_hac@v4.3.0 rc
35	cf9565c1-e534-4bf6-a311-0e0138a60d10 runid=0dfb5b492dc86ce99bf7c61c734eb364afcdb5c8 ch=4 start_time=2025-09-26T07:13:32.398161+00:00 flow_cell_id=AWX817 basecall_gpu=NVIDIA_Tegra_X2 protocol_group_id=ONT_trialEb_250925 sample_id=ONT_trail_250925 barcode=barcode24 barcode_alias=barcode24 parent_read_id=cf9565c1-e534-4bf6-a311-0e0138a60d10 basecall_model_version_id=dna_r10.4.1_e8.2_400bps_hac@v4.3.0
35	65df493f-bfab-48cf-8f3b-f50592c63b71 runid=0dfb5b492dc86ce99bf7c61c734eb364afcdb5c8 ch=110 start_time=2025-09-25T16:47:59.398161+00:00 flow_cell_id=AWX817 basecall_gpu=NVIDIA_Tegra_X2 protocol_group_id=ONT_trialEb_250925 sample_id=ONT_trail_250925 barcode=barcode24 barcode_alias=barcode24 parent_read_id=65df493f-bfab-48cf-8f3b-f50592c63b71 basecall_model_version_id=dna_r10.4.1_e8.2_400bps_hac@v4.3.0
35	f19015b4-17d4-46ca-ab31-a8bd25ded4c8 runid=0dfb5b492dc86ce99bf7c61c734eb364afcdb5c8 ch=58 start_time=2025-09-25T22:14:17.398161+00:00 flow_cell_id=AWX817 basecall_gpu=NVIDIA_Tegra_X2 protocol_group_id=ONT_trialEb_250925 sample_id=ONT_trail_250925 barcode=barcode24 barcode_alias=barcode24 parent_read_id=f19015b4-17d4-46ca-ab31-a8bd25ded4c8 basecall_model_version_id=dna_r10.4.1_e8.2_400bps_hac@v4.3.0 rc
35	1b44a9b7-5ff9-46c0-8e32-49395400223b runid=0dfb5b492dc86ce99bf7c61c734eb364afcdb5c8 ch=20 start_time=2025-09-25T22:30:07.398161+00:00 flow_cell_id=AWX817 basecall_gpu=NVIDIA_Tegra_X2 protocol_group_id=ONT_trialEb_250925 sample_id=ONT_trail_250925 barcode=barcode24 barcode_alias=barcode24 parent_read_id=1b44a9b7-5ff9-46c0-8e32-49395400223b basecall_model_version_id=dna_r10.4.1_e8.2_400bps_hac@v4.3.0 rc
35	5ab87977-30ee-4d61-bc9b-20e79b555227 runid=0dfb5b492dc86ce99bf7c61c734eb364afcdb5c8 ch=4 start_time=2025-09-25T17:05:13.398161+00:00 flow_cell_id=AWX817 basecall_gpu=NVIDIA_Tegra_X2 protocol_group_id=ONT_trialEb_250925 sample_id=ONT_trail_250925 barcode=barcode24 barcode_alias=barcode24 parent_read_id=5ab87977-30ee-4d61-bc9b-20e79b555227 basecall_model_version_id=dna_r10.4.1_e8.2_400bps_hac@v4.3.0
35	5ef3a3cc-bd9b-427e-a790-85674d815f2e runid=0dfb5b492dc86ce99bf7c61c734eb364afcdb5c8 ch=73 start_time=2025-09-25T19:32:02.398161+00:00 flow_cell_id=AWX817 basecall_gpu=NVIDIA_Tegra_X2 protocol_group_id=ONT_trialEb_250925 sample_id=ONT_trail_250925 barcode=barcode24 barcode_alias=barcode24 parent_read_id=5ef3a3cc-bd9b-427e-a790-85674d815f2e basecall_model_version_id=dna_r10.4.1_e8.2_400bps_hac@v4.3.0 rc
35	92225e60-19b0-477f-a317-fd2d7147fd95 runid=0dfb5b492dc86ce99bf7c61c734eb364afcdb5c8 ch=77 start_time=2025-09-25T17:10:01.398161+00:00 flow_cell_id=AWX817 basecall_gpu=NVIDIA_Tegra_X2 protocol_group_id=ONT_trialEb_250925 sample_id=ONT_trail_250925 barcode=barcode24 barcode_alias=barcode24 parent_read_id=92225e60-19b0-477f-a317-fd2d7147fd95 basecall_model_version_id=dna_r10.4.1_e8.2_400bps_hac@v4.3.0
35	242c53b2-53a9-4e58-b71f-9ab003e2fe4d runid=0dfb5b492dc86ce99bf7c61c734eb364afcdb5c8 ch=73 start_time=2025-09-25T18:41:35.398161+00:00 flow_cell_id=AWX817 basecall_gpu=NVIDIA_Tegra_X2 protocol_group_id=ONT_trialEb_250925 sample_id=ONT_trail_250925 barcode=barcode24 barcode_alias=barcode24 parent_read_id=242c53b2-53a9-4e58-b71f-9ab003e2fe4d basecall_model_version_id=dna_r10.4.1_e8.2_400bps_hac@v4.3.0 rc
35	94fbfac5-3a27-467c-b966-655834eede5a runid=0dfb5b492dc86ce99bf7c61c734eb364afcdb5c8 ch=15 start_time=2025-09-25T19:47:33.398161+00:00 flow_cell_id=AWX817 basecall_gpu=NVIDIA_Tegra_X2 protocol_group_id=ONT_trialEb_250925 sample_id=ONT_trail_250925 barcode=barcode24 barcode_alias=barcode24 parent_read_id=94fbfac5-3a27-467c-b966-655834eede5a basecall_model_version_id=dna_r10.4.1_e8.2_400bps_hac@v4.3.0
35	baed865d-0d18-4606-8578-4e1bd8dbe01e runid=0dfb5b492dc86ce99bf7c61c734eb364afcdb5c8 ch=79 start_time=2025-09-26T01:18:42.398161+00:00 flow_cell_id=AWX817 basecall_gpu=NVIDIA_Tegra_X2 protocol_group_id=ONT_trialEb_250925 sample_id=ONT_trail_250925 barcode=barcode24 barcode_alias=barcode24 parent_read_id=baed865d-0d18-4606-8578-4e1bd8dbe01e basecall_model_version_id=dna_r10.4.1_e8.2_400bps_hac@v4.3.0 rc
35	2ba8373c-3782-4546-839c-20166079b1e9 runid=0dfb5b492dc86ce99bf7c61c734eb364afcdb5c8 ch=29 start_time=2025-09-26T10:43:50.398161+00:00 flow_cell_id=AWX817 basecall_gpu=NVIDIA_Tegra_X2 protocol_group_id=ONT_trialEb_250925 sample_id=ONT_trail_250925 barcode=barcode24 barcode_alias=barcode24 parent_read_id=2ba8373c-3782-4546-839c-20166079b1e9 basecall_model_version_id=dna_r10.4.1_e8.2_400bps_hac@v4.3.0 rc
35	95d958b8-bb67-45f7-b463-050c1647354f runid=0dfb5b492dc86ce99bf7c61c734eb364afcdb5c8 ch=58 start_time=2025-09-25T19:43:40.398161+00:00 flow_cell_id=AWX817 basecall_gpu=NVIDIA_Tegra_X2 protocol_group_id=ONT_trialEb_250925 sample_id=ONT_trail_250925 barcode=barcode24 barcode_alias=barcode24 parent_read_id=95d958b8-bb67-45f7-b463-050c1647354f basecall_model_version_id=dna_r10.4.1_e8.2_400bps_hac@v4.3.0 rc
35	d9607942-0d84-406a-ba4b-2fa58b09c6d9 runid=0dfb5b492dc86ce99bf7c61c734eb364afcdb5c8 ch=41 start_time=2025-09-25T20:41:33.398161+00:00 flow_cell_id=AWX817 basecall_gpu=NVIDIA_Tegra_X2 protocol_group_id=ONT_trialEb_250925 sample_id=ONT_trail_250925 barcode=barcode24 barcode_alias=barcode24 parent_read_id=d9607942-0d84-406a-ba4b-2fa58b09c6d9 basecall_model_version_id=dna_r10.4.1_e8.2_400bps_hac@v4.3.0
35	46bc304e-85a4-4204-bf1b-46e110be9345 runid=0dfb5b492dc86ce99bf7c61c734eb364afcdb5c8 ch=20 start_time=2025-09-25T20:01:17.398161+00:00 flow_cell_id=AWX817 basecall_gpu=NVIDIA_Tegra_X2 protocol_group_id=ONT_trialEb_250925 sample_id=ONT_trail_250925 barcode=barcode24 barcode_alias=barcode24 parent_read_id=46bc304e-85a4-4204-bf1b-46e110be9345 basecall_model_version_id=dna_r10.4.1_e8.2_400bps_hac@v4.3.0 rc
35	4acca56b-b11e-4834-9688-7263de464e39 runid=0dfb5b492dc86ce99bf7c61c734eb364afcdb5c8 ch=23 start_time=2025-09-25T19:14:35.398161+00:00 flow_cell_id=AWX817 basecall_gpu=NVIDIA_Tegra_X2 protocol_group_id=ONT_trialEb_250925 sample_id=ONT_trail_250925 barcode=barcode24 barcode_alias=barcode24 parent_read_id=4acca56b-b11e-4834-9688-7263de464e39 basecall_model_version_id=dna_r10.4.1_e8.2_400bps_hac@v4.3.0 rc
74	f9fd2e7d-43b6-411b-b354-470bf19a8117 runid=0dfb5b492dc86ce99bf7c61c734eb364afcdb5c8 ch=15 start_time=2025-09-25T18:19:19.398161+00:00 flow_cell_id=AWX817 basecall_gpu=NVIDIA_Tegra_X2 protocol_group_id=ONT_trialEb_250925 sample_id=ONT_trail_250925 barcode=barcode24 barcode_alias=barcode24 parent_read_id=f9fd2e7d-43b6-411b-b354-470bf19a8117 basecall_model_version_id=dna_r10.4.1_e8.2_400bps_hac@v4.3.0 rc
74	4b1fa41b-837d-4634-877c-2ca749ff814a runid=0dfb5b492dc86ce99bf7c61c734eb364afcdb5c8 ch=15 start_time=2025-09-25T20:00:14.398161+00:00 flow_cell_id=AWX817 basecall_gpu=NVIDIA_Tegra_X2 protocol_group_id=ONT_trialEb_250925 sample_id=ONT_trail_250925 barcode=barcode24 barcode_alias=barcode24 parent_read_id=4b1fa41b-837d-4634-877c-2ca749ff814a basecall_model_version_id=dna_r10.4.1_e8.2_400bps_hac@v4.3.0
74	6ffbb8c5-1960-4785-90e3-23b06fd92013 runid=0dfb5b492dc86ce99bf7c61c734eb364afcdb5c8 ch=5 start_time=2025-09-25T20:45:05.398161+00:00 flow_cell_id=AWX817 basecall_gpu=NVIDIA_Tegra_X2 protocol_group_id=ONT_trialEb_250925 sample_id=ONT_trail_250925 barcode=barcode24 barcode_alias=barcode24 parent_read_id=6ffbb8c5-1960-4785-90e3-23b06fd92013 basecall_model_version_id=dna_r10.4.1_e8.2_400bps_hac@v4.3.0
74	1f648e55-15d2-40b8-8692-7539f437e95f runid=0dfb5b492dc86ce99bf7c61c734eb364afcdb5c8 ch=20 start_time=2025-09-25T23:21:44.398161+00:00 flow_cell_id=AWX817 basecall_gpu=NVIDIA_Tegra_X2 protocol_group_id=ONT_trialEb_250925 sample_id=ONT_trail_250925 barcode=barcode24 barcode_alias=barcode24 parent_read_id=1f648e55-15d2-40b8-8692-7539f437e95f basecall_model_version_id=dna_r10.4.1_e8.2_400bps_hac@v4.3.0 rc
74	969fae01-f8fe-4138-9284-1084af335863 runid=0dfb5b492dc86ce99bf7c61c734eb364afcdb5c8 ch=106 start_time=2025-09-25T16:40:59.398161+00:00 flow_cell_id=AWX817 basecall_gpu=NVIDIA_Tegra_X2 protocol_group_id=ONT_trialEb_250925 sample_id=ONT_trail_250925 barcode=barcode24 barcode_alias=barcode24 parent_read_id=969fae01-f8fe-4138-9284-1084af335863 basecall_model_version_id=dna_r10.4.1_e8.2_400bps_hac@v4.3.0
74	3d3cd09a-843a-4ccb-b6b8-6009ec69dfc2 runid=0dfb5b492dc86ce99bf7c61c734eb364afcdb5c8 ch=93 start_time=2025-09-25T18:42:31.398161+00:00 flow_cell_id=AWX817 basecall_gpu=NVIDIA_Tegra_X2 protocol_group_id=ONT_trialEb_250925 sample_id=ONT_trail_250925 barcode=barcode24 barcode_alias=barcode24 parent_read_id=3d3cd09a-843a-4ccb-b6b8-6009ec69dfc2 basecall_model_version_id=dna_r10.4.1_e8.2_400bps_hac@v4.3.0 rc
74	e866ee38-43c9-49a7-b848-46410aa4f361 runid=0dfb5b492dc86ce99bf7c61c734eb364afcdb5c8 ch=113 start_time=2025-09-25T17:22:08.398161+00:00 flow_cell_id=AWX817 basecall_gpu=NVIDIA_Tegra_X2 protocol_group_id=ONT_trialEb_250925 sample_id=ONT_trail_250925 barcode=barcode24 barcode_alias=barcode24 parent_read_id=e866ee38-43c9-49a7-b848-46410aa4f361 basecall_model_version_id=dna_r10.4.1_e8.2_400bps_hac@v4.3.0
74	b58aac54-89ff-4c4a-b0a9-8c78008dfe69 runid=0dfb5b492dc86ce99bf7c61c734eb364afcdb5c8 ch=113 start_time=2025-09-25T17:22:09.398161+00:00 flow_cell_id=AWX817 basecall_gpu=NVIDIA_Tegra_X2 protocol_group_id=ONT_trialEb_250925 sample_id=ONT_trail_250925 barcode=barcode24 barcode_alias=barcode24 parent_read_id=b58aac54-89ff-4c4a-b0a9-8c78008dfe69 basecall_model_version_id=dna_r10.4.1_e8.2_400bps_hac@v4.3.0 rc
74	7a0c8a94-0956-4fe3-8a70-96b44cdf30aa runid=0dfb5b492dc86ce99bf7c61c734eb364afcdb5c8 ch=44 start_time=2025-09-26T05:31:35.398161+00:00 flow_cell_id=AWX817 basecall_gpu=NVIDIA_Tegra_X2 protocol_group_id=ONT_trialEb_250925 sample_id=ONT_trail_250925 barcode=barcode24 barcode_alias=barcode24 parent_read_id=7a0c8a94-0956-4fe3-8a70-96b44cdf30aa basecall_model_version_id=dna_r10.4.1_e8.2_400bps_hac@v4.3.0
74	46e6d49d-eb44-436a-8f59-5778a1e0de51 runid=0dfb5b492dc86ce99bf7c61c734eb364afcdb5c8 ch=49 start_time=2025-09-25T17:59:33.398161+00:00 flow_cell_id=AWX817 basecall_gpu=NVIDIA_Tegra_X2 protocol_group_id=ONT_trialEb_250925 sample_id=ONT_trail_250925 barcode=barcode24 barcode_alias=barcode24 parent_read_id=46e6d49d-eb44-436a-8f59-5778a1e0de51 basecall_model_version_id=dna_r10.4.1_e8.2_400bps_hac@v4.3.0
74	5435364d-1aac-48d5-b4e7-0dcc85a42372 runid=0dfb5b492dc86ce99bf7c61c734eb364afcdb5c8 ch=49 start_time=2025-09-26T03:17:43.398161+00:00 flow_cell_id=AWX817 basecall_gpu=NVIDIA_Tegra_X2 protocol_group_id=ONT_trialEb_250925 sample_id=ONT_trail_250925 barcode=barcode24 barcode_alias=barcode24 parent_read_id=5435364d-1aac-48d5-b4e7-0dcc85a42372 basecall_model_version_id=dna_r10.4.1_e8.2_400bps_hac@v4.3.0 rc
74	509115e9-1d46-42f5-ab93-bd6e033464f9 runid=0dfb5b492dc86ce99bf7c61c734eb364afcdb5c8 ch=73 start_time=2025-09-25T18:43:05.398161+00:00 flow_cell_id=AWX817 basecall_gpu=NVIDIA_Tegra_X2 protocol_group_id=ONT_trialEb_250925 sample_id=ONT_trail_250925 barcode=barcode24 barcode_alias=barcode24 parent_read_id=509115e9-1d46-42f5-ab93-bd6e033464f9 basecall_model_version_id=dna_r10.4.1_e8.2_400bps_hac@v4.3.0 rc
74	9218d137-7c2a-4f2c-a236-1292188f81ec runid=0dfb5b492dc86ce99bf7c61c734eb364afcdb5c8 ch=79 start_time=2025-09-25T18:35:57.398161+00:00 flow_cell_id=AWX817 basecall_gpu=NVIDIA_Tegra_X2 protocol_group_id=ONT_trialEb_250925 sample_id=ONT_trail_250925 barcode=barcode24 barcode_alias=barcode24 parent_read_id=9218d137-7c2a-4f2c-a236-1292188f81ec basecall_model_version_id=dna_r10.4.1_e8.2_400bps_hac@v4.3.0 rc
74	a0691a15-79c3-459c-a942-230b44e477b5 runid=0dfb5b492dc86ce99bf7c61c734eb364afcdb5c8 ch=85 start_time=2025-09-26T01:10:33.398161+00:00 flow_cell_id=AWX817 basecall_gpu=NVIDIA_Tegra_X2 protocol_group_id=ONT_trialEb_250925 sample_id=ONT_trail_250925 barcode=barcode24 barcode_alias=barcode24 parent_read_id=a0691a15-79c3-459c-a942-230b44e477b5 basecall_model_version_id=dna_r10.4.1_e8.2_400bps_hac@v4.3.0 rc
74	9aaffd4c-440d-46bc-a8cf-e0a5e66ba763 runid=0dfb5b492dc86ce99bf7c61c734eb364afcdb5c8 ch=110 start_time=2025-09-25T19:17:14.398161+00:00 flow_cell_id=AWX817 basecall_gpu=NVIDIA_Tegra_X2 protocol_group_id=ONT_trialEb_250925 sample_id=ONT_trail_250925 barcode=barcode24 barcode_alias=barcode24 parent_read_id=9aaffd4c-440d-46bc-a8cf-e0a5e66ba763 basecall_model_version_id=dna_r10.4.1_e8.2_400bps_hac@v4.3.0 rc
74	7262d60a-852f-4c7b-94b9-959f508d84af runid=0dfb5b492dc86ce99bf7c61c734eb364afcdb5c8 ch=40 start_time=2025-09-25T19:30:35.398161+00:00 flow_cell_id=AWX817 basecall_gpu=NVIDIA_Tegra_X2 protocol_group_id=ONT_trialEb_250925 sample_id=ONT_trail_250925 barcode=barcode24 barcode_alias=barcode24 parent_read_id=7262d60a-852f-4c7b-94b9-959f508d84af basecall_model_version_id=dna_r10.4.1_e8.2_400bps_hac@v4.3.0
74	a481b0bc-19b8-49fa-9e63-4536a4dc6348 runid=0dfb5b492dc86ce99bf7c61c734eb364afcdb5c8 ch=92 start_time=2025-09-25T22:02:37.398161+00:00 flow_cell_id=AWX817 basecall_gpu=NVIDIA_Tegra_X2 protocol_group_id=ONT_trialEb_250925 sample_id=ONT_trail_250925 barcode=barcode24 barcode_alias=barcode24 parent_read_id=a481b0bc-19b8-49fa-9e63-4536a4dc6348 basecall_model_version_id=dna_r10.4.1_e8.2_400bps_hac@v4.3.0 rc
74	4729e84c-6802-4a26-aed0-760ad0bd105c runid=0dfb5b492dc86ce99bf7c61c734eb364afcdb5c8 ch=106 start_time=2025-09-25T19:32:28.398161+00:00 flow_cell_id=AWX817 basecall_gpu=NVIDIA_Tegra_X2 protocol_group_id=ONT_trialEb_250925 sample_id=ONT_trail_250925 barcode=barcode24 barcode_alias=barcode24 parent_read_id=4729e84c-6802-4a26-aed0-760ad0bd105c basecall_model_version_id=dna_r10.4.1_e8.2_400bps_hac@v4.3.0 rc
74	adae525b-c23e-4064-b6fb-d71e6962df18 runid=0dfb5b492dc86ce99bf7c61c734eb364afcdb5c8 ch=4 start_time=2025-09-26T07:48:44.398161+00:00 flow_cell_id=AWX817 basecall_gpu=NVIDIA_Tegra_X2 protocol_group_id=ONT_trialEb_250925 sample_id=ONT_trail_250925 barcode=barcode24 barcode_alias=barcode24 parent_read_id=adae525b-c23e-4064-b6fb-d71e6962df18 basecall_model_version_id=dna_r10.4.1_e8.2_400bps_hac@v4.3.0
74	099db8c9-73ee-4664-a425-d322f245af31 runid=0dfb5b492dc86ce99bf7c61c734eb364afcdb5c8 ch=20 start_time=2025-09-25T23:24:44.398161+00:00 flow_cell_id=AWX817 basecall_gpu=NVIDIA_Tegra_X2 protocol_group_id=ONT_trialEb_250925 sample_id=ONT_trail_250925 barcode=barcode24 barcode_alias=barcode24 parent_read_id=099db8c9-73ee-4664-a425-d322f245af31 basecall_model_version_id=dna_r10.4.1_e8.2_400bps_hac@v4.3.0 rc
74	766fd3e3-933f-41c5-bf22-5d9530b4ef7c runid=0dfb5b492dc86ce99bf7c61c734eb364afcdb5c8 ch=4 start_time=2025-09-26T01:48:37.398161+00:00 flow_cell_id=AWX817 basecall_gpu=NVIDIA_Tegra_X2 protocol_group_id=ONT_trialEb_250925 sample_id=ONT_trail_250925 barcode=barcode24 barcode_alias=barcode24 parent_read_id=81f0674c-a416-4b59-b19b-e7a0b7f3bcb0 basecall_model_version_id=dna_r10.4.1_e8.2_400bps_hac@v4.3.0 rc
74	1dc12ab9-2672-446f-9195-532b7c2069bf runid=0dfb5b492dc86ce99bf7c61c734eb364afcdb5c8 ch=58 start_time=2025-09-25T17:29:52.398161+00:00 flow_cell_id=AWX817 basecall_gpu=NVIDIA_Tegra_X2 protocol_group_id=ONT_trialEb_250925 sample_id=ONT_trail_250925 barcode=barcode24 barcode_alias=barcode24 parent_read_id=1dc12ab9-2672-446f-9195-532b7c2069bf basecall_model_version_id=dna_r10.4.1_e8.2_400bps_hac@v4.3.0 rc
110	55c0765c-d88d-456c-a8e4-5f80768468cb runid=0dfb5b492dc86ce99bf7c61c734eb364afcdb5c8 ch=20 start_time=2025-09-26T05:50:19.398161+00:00 flow_cell_id=AWX817 basecall_gpu=NVIDIA_Tegra_X2 protocol_group_id=ONT_trialEb_250925 sample_id=ONT_trail_250925 barcode=barcode24 barcode_alias=barcode24 parent_read_id=55c0765c-d88d-456c-a8e4-5f80768468cb basecall_model_version_id=dna_r10.4.1_e8.2_400bps_hac@v4.3.0 rc
110	0cfe27c7-be2e-4b1f-9d24-56c9629c2ecf runid=0dfb5b492dc86ce99bf7c61c734eb364afcdb5c8 ch=39 start_time=2025-09-26T10:55:38.398161+00:00 flow_cell_id=AWX817 basecall_gpu=NVIDIA_Tegra_X2 protocol_group_id=ONT_trialEb_250925 sample_id=ONT_trail_250925 barcode=barcode24 barcode_alias=barcode24 parent_read_id=0cfe27c7-be2e-4b1f-9d24-56c9629c2ecf basecall_model_version_id=dna_r10.4.1_e8.2_400bps_hac@v4.3.0 rc
110	4236adb2-5269-4c9a-8e8d-7c7f6ee9b8aa runid=0dfb5b492dc86ce99bf7c61c734eb364afcdb5c8 ch=20 start_time=2025-09-25T23:50:00.398161+00:00 flow_cell_id=AWX817 basecall_gpu=NVIDIA_Tegra_X2 protocol_group_id=ONT_trialEb_250925 sample_id=ONT_trail_250925 barcode=barcode24 barcode_alias=barcode24 parent_read_id=4236adb2-5269-4c9a-8e8d-7c7f6ee9b8aa basecall_model_version_id=dna_r10.4.1_e8.2_400bps_hac@v4.3.0 rc
110	0e56d438-84da-416f-8148-d4dc109de501 runid=0dfb5b492dc86ce99bf7c61c734eb364afcdb5c8 ch=85 start_time=2025-09-25T22:22:43.398161+00:00 flow_cell_id=AWX817 basecall_gpu=NVIDIA_Tegra_X2 protocol_group_id=ONT_trialEb_250925 sample_id=ONT_trail_250925 barcode=barcode24 barcode_alias=barcode24 parent_read_id=0e56d438-84da-416f-8148-d4dc109de501 basecall_model_version_id=dna_r10.4.1_e8.2_400bps_hac@v4.3.0
110	a3cfe88a-0f5a-440f-8023-8cba70ac9566 runid=0dfb5b492dc86ce99bf7c61c734eb364afcdb5c8 ch=67 start_time=2025-09-26T05:59:11.398161+00:00 flow_cell_id=AWX817 basecall_gpu=NVIDIA_Tegra_X2 protocol_group_id=ONT_trialEb_250925 sample_id=ONT_trail_250925 barcode=barcode24 barcode_alias=barcode24 parent_read_id=a3cfe88a-0f5a-440f-8023-8cba70ac9566 basecall_model_version_id=dna_r10.4.1_e8.2_400bps_hac@v4.3.0 rc
110	254ad56c-119f-494a-bfc7-61196b19165b runid=0dfb5b492dc86ce99bf7c61c734eb364afcdb5c8 ch=110 start_time=2025-09-25T22:07:05.398161+00:00 flow_cell_id=AWX817 basecall_gpu=NVIDIA_Tegra_X2 protocol_group_id=ONT_trialEb_250925 sample_id=ONT_trail_250925 barcode=barcode24 barcode_alias=barcode24 parent_read_id=254ad56c-119f-494a-bfc7-61196b19165b basecall_model_version_id=dna_r10.4.1_e8.2_400bps_hac@v4.3.0 rc
110	03b84757-3288-4ef0-91ce-f9cdaf74e034 runid=0dfb5b492dc86ce99bf7c61c734eb364afcdb5c8 ch=77 start_time=2025-09-26T00:30:57.398161+00:00 flow_cell_id=AWX817 basecall_gpu=NVIDIA_Tegra_X2 protocol_group_id=ONT_trialEb_250925 sample_id=ONT_trail_250925 barcode=barcode24 barcode_alias=barcode24 parent_read_id=03b84757-3288-4ef0-91ce-f9cdaf74e034 basecall_model_version_id=dna_r10.4.1_e8.2_400bps_hac@v4.3.0 rc
110	aaec8e8f-20ba-4945-888b-e066c16d8e48 runid=0dfb5b492dc86ce99bf7c61c734eb364afcdb5c8 ch=15 start_time=2025-09-25T19:18:46.398161+00:00 flow_cell_id=AWX817 basecall_gpu=NVIDIA_Tegra_X2 protocol_group_id=ONT_trialEb_250925 sample_id=ONT_trail_250925 barcode=barcode24 barcode_alias=barcode24 parent_read_id=0b4fcd04-c89e-4e3c-81d9-d2e583faad91 basecall_model_version_id=dna_r10.4.1_e8.2_400bps_hac@v4.3.0
110	1b2fa116-fb93-43eb-9bb8-cda3a07b1b6c runid=0dfb5b492dc86ce99bf7c61c734eb364afcdb5c8 ch=80 start_time=2025-09-25T20:44:58.398161+00:00 flow_cell_id=AWX817 basecall_gpu=NVIDIA_Tegra_X2 protocol_group_id=ONT_trialEb_250925 sample_id=ONT_trail_250925 barcode=barcode24 barcode_alias=barcode24 parent_read_id=1b2fa116-fb93-43eb-9bb8-cda3a07b1b6c basecall_model_version_id=dna_r10.4.1_e8.2_400bps_hac@v4.3.0
110	7f583b83-2c3d-4781-a4a9-ea9da97a9844 runid=0dfb5b492dc86ce99bf7c61c734eb364afcdb5c8 ch=20 start_time=2025-09-25T16:45:45.398161+00:00 flow_cell_id=AWX817 basecall_gpu=NVIDIA_Tegra_X2 protocol_group_id=ONT_trialEb_250925 sample_id=ONT_trail_250925 barcode=barcode24 barcode_alias=barcode24 parent_read_id=7f583b83-2c3d-4781-a4a9-ea9da97a9844 basecall_model_version_id=dna_r10.4.1_e8.2_400bps_hac@v4.3.0 rc
110	975fa36d-578e-467a-8cf2-816eb72618b3 runid=0dfb5b492dc86ce99bf7c61c734eb364afcdb5c8 ch=20 start_time=2025-09-26T09:05:50.398161+00:00 flow_cell_id=AWX817 basecall_gpu=NVIDIA_Tegra_X2 protocol_group_id=ONT_trialEb_250925 sample_id=ONT_trail_250925 barcode=barcode24 barcode_alias=barcode24 parent_read_id=975fa36d-578e-467a-8cf2-816eb72618b3 basecall_model_version_id=dna_r10.4.1_e8.2_400bps_hac@v4.3.0
110	a29d68d5-4f96-4b3c-b932-d222c16080d5 runid=0dfb5b492dc86ce99bf7c61c734eb364afcdb5c8 ch=4 start_time=2025-09-26T06:33:04.398161+00:00 flow_cell_id=AWX817 basecall_gpu=NVIDIA_Tegra_X2 protocol_group_id=ONT_trialEb_250925 sample_id=ONT_trail_250925 barcode=barcode24 barcode_alias=barcode24 parent_read_id=a29d68d5-4f96-4b3c-b932-d222c16080d5 basecall_model_version_id=dna_r10.4.1_e8.2_400bps_hac@v4.3.0
110	2d53c8b5-e5fd-418f-abc0-270452051cdb runid=0dfb5b492dc86ce99bf7c61c734eb364afcdb5c8 ch=20 start_time=2025-09-26T07:09:31.398161+00:00 flow_cell_id=AWX817 basecall_gpu=NVIDIA_Tegra_X2 protocol_group_id=ONT_trialEb_250925 sample_id=ONT_trail_250925 barcode=barcode24 barcode_alias=barcode24 parent_read_id=2d53c8b5-e5fd-418f-abc0-270452051cdb basecall_model_version_id=dna_r10.4.1_e8.2_400bps_hac@v4.3.0 rc
110	6459d7c3-d1b1-4124-879e-727f2514edf1 runid=0dfb5b492dc86ce99bf7c61c734eb364afcdb5c8 ch=20 start_time=2025-09-26T09:28:04.398161+00:00 flow_cell_id=AWX817 basecall_gpu=NVIDIA_Tegra_X2 protocol_group_id=ONT_trialEb_250925 sample_id=ONT_trail_250925 barcode=barcode24 barcode_alias=barcode24 parent_read_id=6459d7c3-d1b1-4124-879e-727f2514edf1 basecall_model_version_id=dna_r10.4.1_e8.2_400bps_hac@v4.3.0 rc
110	8e82e091-7851-4a9d-9b23-0535956cb28b runid=0dfb5b492dc86ce99bf7c61c734eb364afcdb5c8 ch=110 start_time=2025-09-25T18:31:38.398161+00:00 flow_cell_id=AWX817 basecall_gpu=NVIDIA_Tegra_X2 protocol_group_id=ONT_trialEb_250925 sample_id=ONT_trail_250925 barcode=barcode24 barcode_alias=barcode24 parent_read_id=8e82e091-7851-4a9d-9b23-0535956cb28b basecall_model_version_id=dna_r10.4.1_e8.2_400bps_hac@v4.3.0
110	4130a3a0-7cfb-46b8-a2ed-b4ae7c367451 runid=0dfb5b492dc86ce99bf7c61c734eb364afcdb5c8 ch=10 start_time=2025-09-26T04:17:42.398161+00:00 flow_cell_id=AWX817 basecall_gpu=NVIDIA_Tegra_X2 protocol_group_id=ONT_trialEb_250925 sample_id=ONT_trail_250925 barcode=barcode24 barcode_alias=barcode24 parent_read_id=4130a3a0-7cfb-46b8-a2ed-b4ae7c367451 basecall_model_version_id=dna_r10.4.1_e8.2_400bps_hac@v4.3.0
110	7367f020-10fb-4e97-945e-e8a6ffb595ea runid=0dfb5b492dc86ce99bf7c61c734eb364afcdb5c8 ch=57 start_time=2025-09-26T10:05:49.398161+00:00 flow_cell_id=AWX817 basecall_gpu=NVIDIA_Tegra_X2 protocol_group_id=ONT_trialEb_250925 sample_id=ONT_trail_250925 barcode=barcode24 barcode_alias=barcode24 parent_read_id=7367f020-10fb-4e97-945e-e8a6ffb595ea basecall_model_version_id=dna_r10.4.1_e8.2_400bps_hac@v4.3.0 rc
110	c85d0e78-029b-4b71-90a0-447075fdbd26 runid=0dfb5b492dc86ce99bf7c61c734eb364afcdb5c8 ch=100 start_time=2025-09-26T06:01:07.398161+00:00 flow_cell_id=AWX817 basecall_gpu=NVIDIA_Tegra_X2 protocol_group_id=ONT_trialEb_250925 sample_id=ONT_trail_250925 barcode=barcode22 barcode_alias=barcode22 parent_read_id=c85d0e78-029b-4b71-90a0-447075fdbd26 basecall_model_version_id=dna_r10.4.1_e8.2_400bps_hac@v4.3.0 rc
110	c85d0e78-029b-4b71-90a0-447075fdbd26 runid=0dfb5b492dc86ce99bf7c61c734eb364afcdb5c8 ch=100 start_time=2025-09-26T06:01:07.398161+00:00 flow_cell_id=AWX817 basecall_gpu=NVIDIA_Tegra_X2 protocol_group_id=ONT_trialEb_250925 sample_id=ONT_trail_250925 barcode=barcode22 barcode_alias=barcode22 parent_read_id=c85d0e78-029b-4b71-90a0-447075fdbd26 basecall_model_version_id=dna_r10.4.1_e8.2_400bps_hac@v4.3.0 rc
110	08aa688e-be22-4f59-bc91-aa645deeaa13 runid=0dfb5b492dc86ce99bf7c61c734eb364afcdb5c8 ch=55 start_time=2025-09-25T17:51:34.398161+00:00 flow_cell_id=AWX817 basecall_gpu=NVIDIA_Tegra_X2 protocol_group_id=ONT_trialEb_250925 sample_id=ONT_trail_250925 barcode=barcode24 barcode_alias=barcode24 parent_read_id=08aa688e-be22-4f59-bc91-aa645deeaa13 basecall_model_version_id=dna_r10.4.1_e8.2_400bps_hac@v4.3.0 rc
4	0310f201-243d-4486-b088-d5cbb4e6993f runid=0dfb5b492dc86ce99bf7c61c734eb364afcdb5c8 ch=44 start_time=2025-09-26T04:50:57.398161+00:00 flow_cell_id=AWX817 basecall_gpu=NVIDIA_Tegra_X2 protocol_group_id=ONT_trialEb_250925 sample_id=ONT_trail_250925 barcode=barcode24 barcode_alias=barcode24 parent_read_id=0310f201-243d-4486-b088-d5cbb4e6993f basecall_model_version_id=dna_r10.4.1_e8.2_400bps_hac@v4.3.0 rc
4	172dd2c6-a5cb-44f1-951b-f578a6769af3 runid=0dfb5b492dc86ce99bf7c61c734eb364afcdb5c8 ch=108 start_time=2025-09-25T16:41:46.398161+00:00 flow_cell_id=AWX817 basecall_gpu=NVIDIA_Tegra_X2 protocol_group_id=ONT_trialEb_250925 sample_id=ONT_trail_250925 barcode=barcode24 barcode_alias=barcode24 parent_read_id=172dd2c6-a5cb-44f1-951b-f578a6769af3 basecall_model_version_id=dna_r10.4.1_e8.2_400bps_hac@v4.3.0
4	cd03a6fb-1e5f-45ac-91d3-0c3dd138391c runid=0dfb5b492dc86ce99bf7c61c734eb364afcdb5c8 ch=4 start_time=2025-09-25T19:03:04.398161+00:00 flow_cell_id=AWX817 basecall_gpu=NVIDIA_Tegra_X2 protocol_group_id=ONT_trialEb_250925 sample_id=ONT_trail_250925 barcode=barcode24 barcode_alias=barcode24 parent_read_id=cd03a6fb-1e5f-45ac-91d3-0c3dd138391c basecall_model_version_id=dna_r10.4.1_e8.2_400bps_hac@v4.3.0
4	b0df5c22-4b58-4fe3-98e4-84b063f950a9 runid=0dfb5b492dc86ce99bf7c61c734eb364afcdb5c8 ch=110 start_time=2025-09-25T21:54:12.398161+00:00 flow_cell_id=AWX817 basecall_gpu=NVIDIA_Tegra_X2 protocol_group_id=ONT_trialEb_250925 sample_id=ONT_trail_250925 barcode=barcode24 barcode_alias=barcode24 parent_read_id=b0df5c22-4b58-4fe3-98e4-84b063f950a9 basecall_model_version_id=dna_r10.4.1_e8.2_400bps_hac@v4.3.0 rc
4	2773dc65-f541-485a-b353-89227a605ecf runid=0dfb5b492dc86ce99bf7c61c734eb364afcdb5c8 ch=20 start_time=2025-09-25T15:46:16.398161+00:00 flow_cell_id=AWX817 basecall_gpu=NVIDIA_Tegra_X2 protocol_group_id=ONT_trialEb_250925 sample_id=ONT_trail_250925 barcode=barcode24 barcode_alias=barcode24 parent_read_id=2773dc65-f541-485a-b353-89227a605ecf basecall_model_version_id=dna_r10.4.1_e8.2_400bps_hac@v4.3.0
4	9213d06f-79bc-494b-99f8-ad81ba042c38 runid=0dfb5b492dc86ce99bf7c61c734eb364afcdb5c8 ch=44 start_time=2025-09-26T00:59:52.398161+00:00 flow_cell_id=AWX817 basecall_gpu=NVIDIA_Tegra_X2 protocol_group_id=ONT_trialEb_250925 sample_id=ONT_trail_250925 barcode=barcode24 barcode_alias=barcode24 parent_read_id=9213d06f-79bc-494b-99f8-ad81ba042c38 basecall_model_version_id=dna_r10.4.1_e8.2_400bps_hac@v4.3.0 rc
4	1320f153-8d5c-4539-bd5a-748fb4e6cdde runid=0dfb5b492dc86ce99bf7c61c734eb364afcdb5c8 ch=94 start_time=2025-09-25T16:15:29.398161+00:00 flow_cell_id=AWX817 basecall_gpu=NVIDIA_Tegra_X2 protocol_group_id=ONT_trialEb_250925 sample_id=ONT_trail_250925 barcode=barcode24 barcode_alias=barcode24 parent_read_id=1320f153-8d5c-4539-bd5a-748fb4e6cdde basecall_model_version_id=dna_r10.4.1_e8.2_400bps_hac@v4.3.0 rc
4	9b60f77e-9c11-4d8f-8835-7df71de63d92 runid=0dfb5b492dc86ce99bf7c61c734eb364afcdb5c8 ch=44 start_time=2025-09-25T22:41:45.398161+00:00 flow_cell_id=AWX817 basecall_gpu=NVIDIA_Tegra_X2 protocol_group_id=ONT_trialEb_250925 sample_id=ONT_trail_250925 barcode=barcode24 barcode_alias=barcode24 parent_read_id=9b60f77e-9c11-4d8f-8835-7df71de63d92 basecall_model_version_id=dna_r10.4.1_e8.2_400bps_hac@v4.3.0 rc
4	2fa5272e-fffc-42f4-b577-dae8141d230f runid=0dfb5b492dc86ce99bf7c61c734eb364afcdb5c8 ch=40 start_time=2025-09-25T16:58:54.398161+00:00 flow_cell_id=AWX817 basecall_gpu=NVIDIA_Tegra_X2 protocol_group_id=ONT_trialEb_250925 sample_id=ONT_trail_250925 barcode=barcode24 barcode_alias=barcode24 parent_read_id=2fa5272e-fffc-42f4-b577-dae8141d230f basecall_model_version_id=dna_r10.4.1_e8.2_400bps_hac@v4.3.0 rc
4	1d9c4790-36e4-448a-96e3-3b90819fb40e runid=0dfb5b492dc86ce99bf7c61c734eb364afcdb5c8 ch=44 start_time=2025-09-25T18:08:29.398161+00:00 flow_cell_id=AWX817 basecall_gpu=NVIDIA_Tegra_X2 protocol_group_id=ONT_trialEb_250925 sample_id=ONT_trail_250925 barcode=barcode24 barcode_alias=barcode24 parent_read_id=1d9c4790-36e4-448a-96e3-3b90819fb40e basecall_model_version_id=dna_r10.4.1_e8.2_400bps_hac@v4.3.0 rc
4	38cc25a0-18c5-454c-9965-8b161992ffbc runid=0dfb5b492dc86ce99bf7c61c734eb364afcdb5c8 ch=20 start_time=2025-09-25T19:58:41.398161+00:00 flow_cell_id=AWX817 basecall_gpu=NVIDIA_Tegra_X2 protocol_group_id=ONT_trialEb_250925 sample_id=ONT_trail_250925 barcode=barcode24 barcode_alias=barcode24 parent_read_id=38cc25a0-18c5-454c-9965-8b161992ffbc basecall_model_version_id=dna_r10.4.1_e8.2_400bps_hac@v4.3.0
4	ba158cad-4c13-45e3-bf68-c36aab6864b0 runid=0dfb5b492dc86ce99bf7c61c734eb364afcdb5c8 ch=93 start_time=2025-09-25T17:26:26.398161+00:00 flow_cell_id=AWX817 basecall_gpu=NVIDIA_Tegra_X2 protocol_group_id=ONT_trialEb_250925 sample_id=ONT_trail_250925 barcode=barcode24 barcode_alias=barcode24 parent_read_id=ba158cad-4c13-45e3-bf68-c36aab6864b0 basecall_model_version_id=dna_r10.4.1_e8.2_400bps_hac@v4.3.0
4	69f7a2c6-b447-44ca-bc6f-88c0fa47cdce runid=0dfb5b492dc86ce99bf7c61c734eb364afcdb5c8 ch=4 start_time=2025-09-25T21:31:03.398161+00:00 flow_cell_id=AWX817 basecall_gpu=NVIDIA_Tegra_X2 protocol_group_id=ONT_trialEb_250925 sample_id=ONT_trail_250925 barcode=barcode24 barcode_alias=barcode24 parent_read_id=69f7a2c6-b447-44ca-bc6f-88c0fa47cdce basecall_model_version_id=dna_r10.4.1_e8.2_400bps_hac@v4.3.0 rc
4	4311cef5-3e72-452e-aead-2577d639f502 runid=0dfb5b492dc86ce99bf7c61c734eb364afcdb5c8 ch=58 start_time=2025-09-25T19:58:38.398161+00:00 flow_cell_id=AWX817 basecall_gpu=NVIDIA_Tegra_X2 protocol_group_id=ONT_trialEb_250925 sample_id=ONT_trail_250925 barcode=barcode24 barcode_alias=barcode24 parent_read_id=4311cef5-3e72-452e-aead-2577d639f502 basecall_model_version_id=dna_r10.4.1_e8.2_400bps_hac@v4.3.0 rc
4	272f6c08-4ed1-41c7-a0ed-1e4f2612c9ea runid=0dfb5b492dc86ce99bf7c61c734eb364afcdb5c8 ch=80 start_time=2025-09-25T21:09:13.398161+00:00 flow_cell_id=AWX817 basecall_gpu=NVIDIA_Tegra_X2 protocol_group_id=ONT_trialEb_250925 sample_id=ONT_trail_250925 barcode=barcode24 barcode_alias=barcode24 parent_read_id=272f6c08-4ed1-41c7-a0ed-1e4f2612c9ea basecall_model_version_id=dna_r10.4.1_e8.2_400bps_hac@v4.3.0
4	96e93e52-5bd4-49f0-8ec2-836223026f8e runid=0dfb5b492dc86ce99bf7c61c734eb364afcdb5c8 ch=20 start_time=2025-09-25T21:24:29.398161+00:00 flow_cell_id=AWX817 basecall_gpu=NVIDIA_Tegra_X2 protocol_group_id=ONT_trialEb_250925 sample_id=ONT_trail_250925 barcode=barcode24 barcode_alias=barcode24 parent_read_id=c4022652-9ef4-40c6-aa09-b758e4c2a037 basecall_model_version_id=dna_r10.4.1_e8.2_400bps_hac@v4.3.0 rc
4	ca61ddc2-e48a-4ea2-aef0-fe0ebc05f612 runid=0dfb5b492dc86ce99bf7c61c734eb364afcdb5c8 ch=110 start_time=2025-09-25T16:14:54.398161+00:00 flow_cell_id=AWX817 basecall_gpu=NVIDIA_Tegra_X2 protocol_group_id=ONT_trialEb_250925 sample_id=ONT_trail_250925 barcode=barcode24 barcode_alias=barcode24 parent_read_id=ca61ddc2-e48a-4ea2-aef0-fe0ebc05f612 basecall_model_version_id=dna_r10.4.1_e8.2_400bps_hac@v4.3.0 rc
73	d5fad467-e6b9-48bb-abfb-bf92c5aee5ca runid=0dfb5b492dc86ce99bf7c61c734eb364afcdb5c8 ch=4 start_time=2025-09-26T05:41:22.398161+00:00 flow_cell_id=AWX817 basecall_gpu=NVIDIA_Tegra_X2 protocol_group_id=ONT_trialEb_250925 sample_id=ONT_trail_250925 barcode=barcode24 barcode_alias=barcode24 parent_read_id=d5fad467-e6b9-48bb-abfb-bf92c5aee5ca basecall_model_version_id=dna_r10.4.1_e8.2_400bps_hac@v4.3.0
73	b1504c91-bf75-41a0-adb0-6741db049171 runid=0dfb5b492dc86ce99bf7c61c734eb364afcdb5c8 ch=80 start_time=2025-09-25T20:55:53.398161+00:00 flow_cell_id=AWX817 basecall_gpu=NVIDIA_Tegra_X2 protocol_group_id=ONT_trialEb_250925 sample_id=ONT_trail_250925 barcode=barcode15 barcode_alias=barcode15 parent_read_id=b1504c91-bf75-41a0-adb0-6741db049171 basecall_model_version_id=dna_r10.4.1_e8.2_400bps_hac@v4.3.0 rc
73	92182256-6f42-4624-9895-f2999ca8072d runid=0dfb5b492dc86ce99bf7c61c734eb364afcdb5c8 ch=4 start_time=2025-09-26T07:20:02.398161+00:00 flow_cell_id=AWX817 basecall_gpu=NVIDIA_Tegra_X2 protocol_group_id=ONT_trialEb_250925 sample_id=ONT_trail_250925 barcode=barcode24 barcode_alias=barcode24 parent_read_id=84e372ab-7314-4a8a-bd5d-076ebc3e4c01 basecall_model_version_id=dna_r10.4.1_e8.2_400bps_hac@v4.3.0 rc
73	e078661c-cbe2-455e-ad39-e7a55913648c runid=0dfb5b492dc86ce99bf7c61c734eb364afcdb5c8 ch=20 start_time=2025-09-26T04:42:30.398161+00:00 flow_cell_id=AWX817 basecall_gpu=NVIDIA_Tegra_X2 protocol_group_id=ONT_trialEb_250925 sample_id=ONT_trail_250925 barcode=barcode24 barcode_alias=barcode24 parent_read_id=e078661c-cbe2-455e-ad39-e7a55913648c basecall_model_version_id=dna_r10.4.1_e8.2_400bps_hac@v4.3.0 rc
73	4231c46a-9351-4a4b-bdad-0ed2ef8dca3a runid=0dfb5b492dc86ce99bf7c61c734eb364afcdb5c8 ch=44 start_time=2025-09-26T00:24:56.398161+00:00 flow_cell_id=AWX817 basecall_gpu=NVIDIA_Tegra_X2 protocol_group_id=ONT_trialEb_250925 sample_id=ONT_trail_250925 barcode=barcode24 barcode_alias=barcode24 parent_read_id=4231c46a-9351-4a4b-bdad-0ed2ef8dca3a basecall_model_version_id=dna_r10.4.1_e8.2_400bps_hac@v4.3.0
73	dff131f0-6e33-454c-8f96-6e5c57478026 runid=0dfb5b492dc86ce99bf7c61c734eb364afcdb5c8 ch=100 start_time=2025-09-25T22:59:31.398161+00:00 flow_cell_id=AWX817 basecall_gpu=NVIDIA_Tegra_X2 protocol_group_id=ONT_trialEb_250925 sample_id=ONT_trail_250925 barcode=barcode24 barcode_alias=barcode24 parent_read_id=dff131f0-6e33-454c-8f96-6e5c57478026 basecall_model_version_id=dna_r10.4.1_e8.2_400bps_hac@v4.3.0 rc
73	fd3c556b-7331-4663-b4a6-ec1361149201 runid=0dfb5b492dc86ce99bf7c61c734eb364afcdb5c8 ch=39 start_time=2025-09-26T02:21:05.398161+00:00 flow_cell_id=AWX817 basecall_gpu=NVIDIA_Tegra_X2 protocol_group_id=ONT_trialEb_250925 sample_id=ONT_trail_250925 barcode=barcode24 barcode_alias=barcode24 parent_read_id=fd3c556b-7331-4663-b4a6-ec1361149201 basecall_model_version_id=dna_r10.4.1_e8.2_400bps_hac@v4.3.0
111	168841c8-bf97-42c2-a11d-2d5fe5c9e0ec runid=0dfb5b492dc86ce99bf7c61c734eb364afcdb5c8 ch=44 start_time=2025-09-26T04:20:26.398161+00:00 flow_cell_id=AWX817 basecall_gpu=NVIDIA_Tegra_X2 protocol_group_id=ONT_trialEb_250925 sample_id=ONT_trail_250925 barcode=barcode24 barcode_alias=barcode24 parent_read_id=168841c8-bf97-42c2-a11d-2d5fe5c9e0ec basecall_model_version_id=dna_r10.4.1_e8.2_400bps_hac@v4.3.0 rc
111	49d23c44-dfb0-40da-a0e6-72070e420b47 runid=0dfb5b492dc86ce99bf7c61c734eb364afcdb5c8 ch=43 start_time=2025-09-25T16:44:16.398161+00:00 flow_cell_id=AWX817 basecall_gpu=NVIDIA_Tegra_X2 protocol_group_id=ONT_trialEb_250925 sample_id=ONT_trail_250925 barcode=barcode15 barcode_alias=barcode15 parent_read_id=49d23c44-dfb0-40da-a0e6-72070e420b47 basecall_model_version_id=dna_r10.4.1_e8.2_400bps_hac@v4.3.0 rc
111	6373641c-6db3-4ba1-b5a9-e31e6066a7ab runid=0dfb5b492dc86ce99bf7c61c734eb364afcdb5c8 ch=5 start_time=2025-09-25T21:32:22.398161+00:00 flow_cell_id=AWX817 basecall_gpu=NVIDIA_Tegra_X2 protocol_group_id=ONT_trialEb_250925 sample_id=ONT_trail_250925 barcode=barcode24 barcode_alias=barcode24 parent_read_id=6373641c-6db3-4ba1-b5a9-e31e6066a7ab basecall_model_version_id=dna_r10.4.1_e8.2_400bps_hac@v4.3.0
111	5097be78-23f3-476d-93a9-81cf42481408 runid=0dfb5b492dc86ce99bf7c61c734eb364afcdb5c8 ch=41 start_time=2025-09-26T01:15:50.398161+00:00 flow_cell_id=AWX817 basecall_gpu=NVIDIA_Tegra_X2 protocol_group_id=ONT_trialEb_250925 sample_id=ONT_trail_250925 barcode=barcode15 barcode_alias=barcode15 parent_read_id=5097be78-23f3-476d-93a9-81cf42481408 basecall_model_version_id=dna_r10.4.1_e8.2_400bps_hac@v4.3.0
111	f60f1258-af7d-4693-bc43-f77b5d15b581 runid=0dfb5b492dc86ce99bf7c61c734eb364afcdb5c8 ch=118 start_time=2025-09-26T03:54:10.398161+00:00 flow_cell_id=AWX817 basecall_gpu=NVIDIA_Tegra_X2 protocol_group_id=ONT_trialEb_250925 sample_id=ONT_trail_250925 barcode=barcode24 barcode_alias=barcode24 parent_read_id=f60f1258-af7d-4693-bc43-f77b5d15b581 basecall_model_version_id=dna_r10.4.1_e8.2_400bps_hac@v4.3.0 rc
111	f161cc0b-5395-4dc9-a73c-7af75e0f3c11 runid=0dfb5b492dc86ce99bf7c61c734eb364afcdb5c8 ch=41 start_time=2025-09-25T20:53:23.398161+00:00 flow_cell_id=AWX817 basecall_gpu=NVIDIA_Tegra_X2 protocol_group_id=ONT_trialEb_250925 sample_id=ONT_trail_250925 barcode=barcode24 barcode_alias=barcode24 parent_read_id=f161cc0b-5395-4dc9-a73c-7af75e0f3c11 basecall_model_version_id=dna_r10.4.1_e8.2_400bps_hac@v4.3.0
111	788c8a83-3e2b-45fc-8290-8d7dab082d29 runid=0dfb5b492dc86ce99bf7c61c734eb364afcdb5c8 ch=79 start_time=2025-09-25T22:47:59.398161+00:00 flow_cell_id=AWX817 basecall_gpu=NVIDIA_Tegra_X2 protocol_group_id=ONT_trialEb_250925 sample_id=ONT_trail_250925 barcode=barcode15 barcode_alias=barcode15 parent_read_id=788c8a83-3e2b-45fc-8290-8d7dab082d29 basecall_model_version_id=dna_r10.4.1_e8.2_400bps_hac@v4.3.0 rc
76	36ad4a6b-a7e1-4f61-8eaa-0bf975f7657d runid=0dfb5b492dc86ce99bf7c61c734eb364afcdb5c8 ch=20 start_time=2025-09-26T00:29:40.398161+00:00 flow_cell_id=AWX817 basecall_gpu=NVIDIA_Tegra_X2 protocol_group_id=ONT_trialEb_250925 sample_id=ONT_trail_250925 barcode=barcode24 barcode_alias=barcode24 parent_read_id=36ad4a6b-a7e1-4f61-8eaa-0bf975f7657d basecall_model_version_id=dna_r10.4.1_e8.2_400bps_hac@v4.3.0
76	977730fd-71e5-4398-b47b-2db4a1fa9200 runid=0dfb5b492dc86ce99bf7c61c734eb364afcdb5c8 ch=80 start_time=2025-09-25T17:31:07.398161+00:00 flow_cell_id=AWX817 basecall_gpu=NVIDIA_Tegra_X2 protocol_group_id=ONT_trialEb_250925 sample_id=ONT_trail_250925 barcode=barcode24 barcode_alias=barcode24 parent_read_id=977730fd-71e5-4398-b47b-2db4a1fa9200 basecall_model_version_id=dna_r10.4.1_e8.2_400bps_hac@v4.3.0 rc
76	68933a4b-af6c-474c-b3ed-df7f113892a8 runid=0dfb5b492dc86ce99bf7c61c734eb364afcdb5c8 ch=44 start_time=2025-09-25T18:20:17.398161+00:00 flow_cell_id=AWX817 basecall_gpu=NVIDIA_Tegra_X2 protocol_group_id=ONT_trialEb_250925 sample_id=ONT_trail_250925 barcode=barcode24 barcode_alias=barcode24 parent_read_id=68933a4b-af6c-474c-b3ed-df7f113892a8 basecall_model_version_id=dna_r10.4.1_e8.2_400bps_hac@v4.3.0 rc
76	3fd79e90-317a-4755-99ac-da3ea656846f runid=0dfb5b492dc86ce99bf7c61c734eb364afcdb5c8 ch=106 start_time=2025-09-25T19:37:23.398161+00:00 flow_cell_id=AWX817 basecall_gpu=NVIDIA_Tegra_X2 protocol_group_id=ONT_trialEb_250925 sample_id=ONT_trail_250925 barcode=barcode24 barcode_alias=barcode24 parent_read_id=3fd79e90-317a-4755-99ac-da3ea656846f basecall_model_version_id=dna_r10.4.1_e8.2_400bps_hac@v4.3.0
76	e953add5-8986-4872-8e30-4c8aaa9034a4 runid=0dfb5b492dc86ce99bf7c61c734eb364afcdb5c8 ch=113 start_time=2025-09-25T16:12:28.398161+00:00 flow_cell_id=AWX817 basecall_gpu=NVIDIA_Tegra_X2 protocol_group_id=ONT_trialEb_250925 sample_id=ONT_trail_250925 barcode=barcode24 barcode_alias=barcode24 parent_read_id=e953add5-8986-4872-8e30-4c8aaa9034a4 basecall_model_version_id=dna_r10.4.1_e8.2_400bps_hac@v4.3.0 rc
76	d4c2c68a-4c71-454b-a387-bd7cb7ad516d runid=0dfb5b492dc86ce99bf7c61c734eb364afcdb5c8 ch=44 start_time=2025-09-25T20:42:35.398161+00:00 flow_cell_id=AWX817 basecall_gpu=NVIDIA_Tegra_X2 protocol_group_id=ONT_trialEb_250925 sample_id=ONT_trail_250925 barcode=barcode24 barcode_alias=barcode24 parent_read_id=d4c2c68a-4c71-454b-a387-bd7cb7ad516d basecall_model_version_id=dna_r10.4.1_e8.2_400bps_hac@v4.3.0 rc
113	9c04131c-461b-40cc-a669-454d9cf82d8c runid=0dfb5b492dc86ce99bf7c61c734eb364afcdb5c8 ch=39 start_time=2025-09-26T01:16:39.398161+00:00 flow_cell_id=AWX817 basecall_gpu=NVIDIA_Tegra_X2 protocol_group_id=ONT_trialEb_250925 sample_id=ONT_trail_250925 barcode=barcode24 barcode_alias=barcode24 parent_read_id=9c04131c-461b-40cc-a669-454d9cf82d8c basecall_model_version_id=dna_r10.4.1_e8.2_400bps_hac@v4.3.0 rc
113	ced5a787-fbff-4dbf-8adb-a4d523f712b9 runid=0dfb5b492dc86ce99bf7c61c734eb364afcdb5c8 ch=94 start_time=2025-09-25T17:55:22.398161+00:00 flow_cell_id=AWX817 basecall_gpu=NVIDIA_Tegra_X2 protocol_group_id=ONT_trialEb_250925 sample_id=ONT_trail_250925 barcode=barcode24 barcode_alias=barcode24 parent_read_id=ced5a787-fbff-4dbf-8adb-a4d523f712b9 basecall_model_version_id=dna_r10.4.1_e8.2_400bps_hac@v4.3.0 rc
113	b327f915-3e30-4534-8315-eaa82306b032 runid=0dfb5b492dc86ce99bf7c61c734eb364afcdb5c8 ch=80 start_time=2025-09-25T21:23:44.398161+00:00 flow_cell_id=AWX817 basecall_gpu=NVIDIA_Tegra_X2 protocol_group_id=ONT_trialEb_250925 sample_id=ONT_trail_250925 barcode=barcode24 barcode_alias=barcode24 parent_read_id=b327f915-3e30-4534-8315-eaa82306b032 basecall_model_version_id=dna_r10.4.1_e8.2_400bps_hac@v4.3.0 rc
113	f1d60b1e-59c9-4bee-b40e-bbe077fdaf71 runid=0dfb5b492dc86ce99bf7c61c734eb364afcdb5c8 ch=85 start_time=2025-09-25T21:19:33.398161+00:00 flow_cell_id=AWX817 basecall_gpu=NVIDIA_Tegra_X2 protocol_group_id=ONT_trialEb_250925 sample_id=ONT_trail_250925 barcode=barcode24 barcode_alias=barcode24 parent_read_id=f1d60b1e-59c9-4bee-b40e-bbe077fdaf71 basecall_model_version_id=dna_r10.4.1_e8.2_400bps_hac@v4.3.0
113	ac7f0c2b-dbf8-4076-a190-5921fcbd768f runid=0dfb5b492dc86ce99bf7c61c734eb364afcdb5c8 ch=77 start_time=2025-09-25T17:00:45.398161+00:00 flow_cell_id=AWX817 basecall_gpu=NVIDIA_Tegra_X2 protocol_group_id=ONT_trialEb_250925 sample_id=ONT_trail_250925 barcode=barcode24 barcode_alias=barcode24 parent_read_id=ac7f0c2b-dbf8-4076-a190-5921fcbd768f basecall_model_version_id=dna_r10.4.1_e8.2_400bps_hac@v4.3.0
113	f1f341a8-3848-4ec5-8000-59b583fce6ee runid=0dfb5b492dc86ce99bf7c61c734eb364afcdb5c8 ch=10 start_time=2025-09-25T16:32:30.398161+00:00 flow_cell_id=AWX817 basecall_gpu=NVIDIA_Tegra_X2 protocol_group_id=ONT_trialEb_250925 sample_id=ONT_trail_250925 barcode=barcode24 barcode_alias=barcode24 parent_read_id=f1f341a8-3848-4ec5-8000-59b583fce6ee basecall_model_version_id=dna_r10.4.1_e8.2_400bps_hac@v4.3.0 rc
16	f76f0421-079e-4065-9d85-a30b4229fc79 runid=0dfb5b492dc86ce99bf7c61c734eb364afcdb5c8 ch=20 start_time=2025-09-25T20:12:31.398161+00:00 flow_cell_id=AWX817 basecall_gpu=NVIDIA_Tegra_X2 protocol_group_id=ONT_trialEb_250925 sample_id=ONT_trail_250925 barcode=barcode24 barcode_alias=barcode24 parent_read_id=f76f0421-079e-4065-9d85-a30b4229fc79 basecall_model_version_id=dna_r10.4.1_e8.2_400bps_hac@v4.3.0
16	6e920390-2caf-4a77-abcf-6ef424f889d6 runid=0dfb5b492dc86ce99bf7c61c734eb364afcdb5c8 ch=49 start_time=2025-09-26T03:12:34.398161+00:00 flow_cell_id=AWX817 basecall_gpu=NVIDIA_Tegra_X2 protocol_group_id=ONT_trialEb_250925 sample_id=ONT_trail_250925 barcode=barcode24 barcode_alias=barcode24 parent_read_id=6e920390-2caf-4a77-abcf-6ef424f889d6 basecall_model_version_id=dna_r10.4.1_e8.2_400bps_hac@v4.3.0 rc
16	8d43aa7c-5c7c-4eb9-ae1e-38c463a1378b runid=0dfb5b492dc86ce99bf7c61c734eb364afcdb5c8 ch=57 start_time=2025-09-25T16:43:21.398161+00:00 flow_cell_id=AWX817 basecall_gpu=NVIDIA_Tegra_X2 protocol_group_id=ONT_trialEb_250925 sample_id=ONT_trail_250925 barcode=barcode15 barcode_alias=barcode15 parent_read_id=8d43aa7c-5c7c-4eb9-ae1e-38c463a1378b basecall_model_version_id=dna_r10.4.1_e8.2_400bps_hac@v4.3.0
16	ce2b332a-3889-4cac-8e3a-c04e66c4c6a2 runid=0dfb5b492dc86ce99bf7c61c734eb364afcdb5c8 ch=20 start_time=2025-09-25T22:27:56.398161+00:00 flow_cell_id=AWX817 basecall_gpu=NVIDIA_Tegra_X2 protocol_group_id=ONT_trialEb_250925 sample_id=ONT_trail_250925 barcode=barcode24 barcode_alias=barcode24 parent_read_id=ce2b332a-3889-4cac-8e3a-c04e66c4c6a2 basecall_model_version_id=dna_r10.4.1_e8.2_400bps_hac@v4.3.0
16	c4f283ed-f606-4d5d-a2f5-1c3cfba4ab1f runid=0dfb5b492dc86ce99bf7c61c734eb364afcdb5c8 ch=80 start_time=2025-09-25T18:09:33.398161+00:00 flow_cell_id=AWX817 basecall_gpu=NVIDIA_Tegra_X2 protocol_group_id=ONT_trialEb_250925 sample_id=ONT_trail_250925 barcode=barcode24 barcode_alias=barcode24 parent_read_id=c4f283ed-f606-4d5d-a2f5-1c3cfba4ab1f basecall_model_version_id=dna_r10.4.1_e8.2_400bps_hac@v4.3.0 rc
41	873517f0-c204-4a4c-8d8f-b231f2bbcd5a runid=0dfb5b492dc86ce99bf7c61c734eb364afcdb5c8 ch=39 start_time=2025-09-26T02:02:41.398161+00:00 flow_cell_id=AWX817 basecall_gpu=NVIDIA_Tegra_X2 protocol_group_id=ONT_trialEb_250925 sample_id=ONT_trail_250925 barcode=barcode13 barcode_alias=barcode13 parent_read_id=873517f0-c204-4a4c-8d8f-b231f2bbcd5a basecall_model_version_id=dna_r10.4.1_e8.2_400bps_hac@v4.3.0 rc
41	0e66a8c2-0325-4ee9-a8f4-11d6af724ed3 runid=0dfb5b492dc86ce99bf7c61c734eb364afcdb5c8 ch=118 start_time=2025-09-26T00:47:26.398161+00:00 flow_cell_id=AWX817 basecall_gpu=NVIDIA_Tegra_X2 protocol_group_id=ONT_trialEb_250925 sample_id=ONT_trail_250925 barcode=barcode15 barcode_alias=barcode15 parent_read_id=0e66a8c2-0325-4ee9-a8f4-11d6af724ed3 basecall_model_version_id=dna_r10.4.1_e8.2_400bps_hac@v4.3.0 rc
41	bd1353b5-79de-4246-ae7c-da2482442c5b runid=0dfb5b492dc86ce99bf7c61c734eb364afcdb5c8 ch=49 start_time=2025-09-26T03:12:31.398161+00:00 flow_cell_id=AWX817 basecall_gpu=NVIDIA_Tegra_X2 protocol_group_id=ONT_trialEb_250925 sample_id=ONT_trail_250925 barcode=barcode24 barcode_alias=barcode24 parent_read_id=bd1353b5-79de-4246-ae7c-da2482442c5b basecall_model_version_id=dna_r10.4.1_e8.2_400bps_hac@v4.3.0
41	1b7d5adb-5009-40a1-a71c-b9539b5e7962 runid=0dfb5b492dc86ce99bf7c61c734eb364afcdb5c8 ch=106 start_time=2025-09-25T20:10:57.398161+00:00 flow_cell_id=AWX817 basecall_gpu=NVIDIA_Tegra_X2 protocol_group_id=ONT_trialEb_250925 sample_id=ONT_trail_250925 barcode=barcode15 barcode_alias=barcode15 parent_read_id=1b7d5adb-5009-40a1-a71c-b9539b5e7962 basecall_model_version_id=dna_r10.4.1_e8.2_400bps_hac@v4.3.0
41	dca17413-8ea8-4cc0-a80c-c125d06bb138 runid=0dfb5b492dc86ce99bf7c61c734eb364afcdb5c8 ch=43 start_time=2025-09-25T20:10:23.398161+00:00 flow_cell_id=AWX817 basecall_gpu=NVIDIA_Tegra_X2 protocol_group_id=ONT_trialEb_250925 sample_id=ONT_trail_250925 barcode=barcode15 barcode_alias=barcode15 parent_read_id=dca17413-8ea8-4cc0-a80c-c125d06bb138 basecall_model_version_id=dna_r10.4.1_e8.2_400bps_hac@v4.3.0 rc
0	7590dc08-01ea-40d9-afe4-cb2d0c609f25 runid=0dfb5b492dc86ce99bf7c61c734eb364afcdb5c8 ch=44 start_time=2025-09-25T23:08:17.398161+00:00 flow_cell_id=AWX817 basecall_gpu=NVIDIA_Tegra_X2 protocol_group_id=ONT_trialEb_250925 sample_id=ONT_trail_250925 barcode=barcode24 barcode_alias=barcode24 parent_read_id=7590dc08-01ea-40d9-afe4-cb2d0c609f25 basecall_model_version_id=dna_r10.4.1_e8.2_400bps_hac@v4.3.0 rc
0	97ee9b74-d615-4aa1-8fdb-6098d8f36712 runid=0dfb5b492dc86ce99bf7c61c734eb364afcdb5c8 ch=93 start_time=2025-09-25T16:07:43.398161+00:00 flow_cell_id=AWX817 basecall_gpu=NVIDIA_Tegra_X2 protocol_group_id=ONT_trialEb_250925 sample_id=ONT_trail_250925 barcode=barcode24 barcode_alias=barcode24 parent_read_id=97ee9b74-d615-4aa1-8fdb-6098d8f36712 basecall_model_version_id=dna_r10.4.1_e8.2_400bps_hac@v4.3.0 rc
0	0e51a131-4fd3-4ec7-96be-d1871ba0ce69 runid=0dfb5b492dc86ce99bf7c61c734eb364afcdb5c8 ch=49 start_time=2025-09-25T18:04:03.398161+00:00 flow_cell_id=AWX817 basecall_gpu=NVIDIA_Tegra_X2 protocol_group_id=ONT_trialEb_250925 sample_id=ONT_trail_250925 barcode=barcode24 barcode_alias=barcode24 parent_read_id=0e51a131-4fd3-4ec7-96be-d1871ba0ce69 basecall_model_version_id=dna_r10.4.1_e8.2_400bps_hac@v4.3.0 rc
0	3c3ae574-ea8c-46c2-a210-790305323be4 runid=0dfb5b492dc86ce99bf7c61c734eb364afcdb5c8 ch=23 start_time=2025-09-25T19:37:23.398161+00:00 flow_cell_id=AWX817 basecall_gpu=NVIDIA_Tegra_X2 protocol_group_id=ONT_trialEb_250925 sample_id=ONT_trail_250925 barcode=barcode24 barcode_alias=barcode24 parent_read_id=3c3ae574-ea8c-46c2-a210-790305323be4 basecall_model_version_id=dna_r10.4.1_e8.2_400bps_hac@v4.3.0
1	21a1d0d3-8cd4-44dd-b6df-c8a61a798932 runid=0dfb5b492dc86ce99bf7c61c734eb364afcdb5c8 ch=44 start_time=2025-09-26T05:04:28.398161+00:00 flow_cell_id=AWX817 basecall_gpu=NVIDIA_Tegra_X2 protocol_group_id=ONT_trialEb_250925 sample_id=ONT_trail_250925 barcode=barcode15 barcode_alias=barcode15 parent_read_id=21a1d0d3-8cd4-44dd-b6df-c8a61a798932 basecall_model_version_id=dna_r10.4.1_e8.2_400bps_hac@v4.3.0
1	202d2db3-26a0-4378-94fa-5aad11ecc284 runid=0dfb5b492dc86ce99bf7c61c734eb364afcdb5c8 ch=77 start_time=2025-09-25T19:03:16.398161+00:00 flow_cell_id=AWX817 basecall_gpu=NVIDIA_Tegra_X2 protocol_group_id=ONT_trialEb_250925 sample_id=ONT_trail_250925 barcode=barcode15 barcode_alias=barcode15 parent_read_id=202d2db3-26a0-4378-94fa-5aad11ecc284 basecall_model_version_id=dna_r10.4.1_e8.2_400bps_hac@v4.3.0 rc
1	fea2ad63-8893-424d-bcd9-aba4fd60ba1e runid=0dfb5b492dc86ce99bf7c61c734eb364afcdb5c8 ch=79 start_time=2025-09-25T22:57:01.398161+00:00 flow_cell_id=AWX817 basecall_gpu=NVIDIA_Tegra_X2 protocol_group_id=ONT_trialEb_250925 sample_id=ONT_trail_250925 barcode=barcode15 barcode_alias=barcode15 parent_read_id=fea2ad63-8893-424d-bcd9-aba4fd60ba1e basecall_model_version_id=dna_r10.4.1_e8.2_400bps_hac@v4.3.0
7	a2e5fa0a-c714-4709-bd68-1a7bbb71a7ff runid=0dfb5b492dc86ce99bf7c61c734eb364afcdb5c8 ch=110 start_time=2025-09-25T19:48:54.398161+00:00 flow_cell_id=AWX817 basecall_gpu=NVIDIA_Tegra_X2 protocol_group_id=ONT_trialEb_250925 sample_id=ONT_trail_250925 barcode=barcode24 barcode_alias=barcode24 parent_read_id=a2e5fa0a-c714-4709-bd68-1a7bbb71a7ff basecall_model_version_id=dna_r10.4.1_e8.2_400bps_hac@v4.3.0
7	bff7184b-fbe6-4ae5-aded-a01d39138ece runid=0dfb5b492dc86ce99bf7c61c734eb364afcdb5c8 ch=56 start_time=2025-09-25T16:15:06.398161+00:00 flow_cell_id=AWX817 basecall_gpu=NVIDIA_Tegra_X2 protocol_group_id=ONT_trialEb_250925 sample_id=ONT_trail_250925 barcode=barcode24 barcode_alias=barcode24 parent_read_id=bff7184b-fbe6-4ae5-aded-a01d39138ece basecall_model_version_id=dna_r10.4.1_e8.2_400bps_hac@v4.3.0 rc
7	85f6718d-8a65-4c01-a46d-7a71eb0a44d6 runid=0dfb5b492dc86ce99bf7c61c734eb364afcdb5c8 ch=20 start_time=2025-09-25T17:22:40.398161+00:00 flow_cell_id=AWX817 basecall_gpu=NVIDIA_Tegra_X2 protocol_group_id=ONT_trialEb_250925 sample_id=ONT_trail_250925 barcode=barcode24 barcode_alias=barcode24 parent_read_id=85f6718d-8a65-4c01-a46d-7a71eb0a44d6 basecall_model_version_id=dna_r10.4.1_e8.2_400bps_hac@v4.3.0
34	f371c87e-71b9-4a12-b9dd-5cbf045edfef runid=0dfb5b492dc86ce99bf7c61c734eb364afcdb5c8 ch=49 start_time=2025-09-26T09:54:23.398161+00:00 flow_cell_id=AWX817 basecall_gpu=NVIDIA_Tegra_X2 protocol_group_id=ONT_trialEb_250925 sample_id=ONT_trail_250925 barcode=barcode24 barcode_alias=barcode24 parent_read_id=f371c87e-71b9-4a12-b9dd-5cbf045edfef basecall_model_version_id=dna_r10.4.1_e8.2_400bps_hac@v4.3.0 rc
34	8242ae57-5f67-45b9-aa6a-6b71faad9eea runid=0dfb5b492dc86ce99bf7c61c734eb364afcdb5c8 ch=44 start_time=2025-09-26T01:49:06.398161+00:00 flow_cell_id=AWX817 basecall_gpu=NVIDIA_Tegra_X2 protocol_group_id=ONT_trialEb_250925 sample_id=ONT_trail_250925 barcode=barcode24 barcode_alias=barcode24 parent_read_id=8242ae57-5f67-45b9-aa6a-6b71faad9eea basecall_model_version_id=dna_r10.4.1_e8.2_400bps_hac@v4.3.0 rc
34	e25ffb11-7aa2-4a3e-bf99-394fab1ddf49 runid=0dfb5b492dc86ce99bf7c61c734eb364afcdb5c8 ch=20 start_time=2025-09-25T16:14:44.398161+00:00 flow_cell_id=AWX817 basecall_gpu=NVIDIA_Tegra_X2 protocol_group_id=ONT_trialEb_250925 sample_id=ONT_trail_250925 barcode=barcode24 barcode_alias=barcode24 parent_read_id=e25ffb11-7aa2-4a3e-bf99-394fab1ddf49 basecall_model_version_id=dna_r10.4.1_e8.2_400bps_hac@v4.3.0
23	c233b81a-3910-4c1a-b1ac-11d98f3ea12a runid=0dfb5b492dc86ce99bf7c61c734eb364afcdb5c8 ch=56 start_time=2025-09-25T18:15:48.398161+00:00 flow_cell_id=AWX817 basecall_gpu=NVIDIA_Tegra_X2 protocol_group_id=ONT_trialEb_250925 sample_id=ONT_trail_250925 barcode=barcode13 barcode_alias=barcode13 parent_read_id=c233b81a-3910-4c1a-b1ac-11d98f3ea12a basecall_model_version_id=dna_r10.4.1_e8.2_400bps_hac@v4.3.0 rc
23	9b40bded-ed45-4e55-a63f-73d9e0a01cb9 runid=0dfb5b492dc86ce99bf7c61c734eb364afcdb5c8 ch=39 start_time=2025-09-26T00:48:28.398161+00:00 flow_cell_id=AWX817 basecall_gpu=NVIDIA_Tegra_X2 protocol_group_id=ONT_trialEb_250925 sample_id=ONT_trail_250925 barcode=barcode13 barcode_alias=barcode13 parent_read_id=9b40bded-ed45-4e55-a63f-73d9e0a01cb9 basecall_model_version_id=dna_r10.4.1_e8.2_400bps_hac@v4.3.0 rc
50	b109ef2b-98a3-415e-90e1-ebf3ca10b551 runid=0dfb5b492dc86ce99bf7c61c734eb364afcdb5c8 ch=44 start_time=2025-09-26T04:13:33.398161+00:00 flow_cell_id=AWX817 basecall_gpu=NVIDIA_Tegra_X2 protocol_group_id=ONT_trialEb_250925 sample_id=ONT_trail_250925 barcode=barcode24 barcode_alias=barcode24 parent_read_id=b109ef2b-98a3-415e-90e1-ebf3ca10b551 basecall_model_version_id=dna_r10.4.1_e8.2_400bps_hac@v4.3.0 rc
50	5a4cf779-06c4-41d9-b765-ecde7c909831 runid=0dfb5b492dc86ce99bf7c61c734eb364afcdb5c8 ch=44 start_time=2025-09-26T04:51:54.398161+00:00 flow_cell_id=AWX817 basecall_gpu=NVIDIA_Tegra_X2 protocol_group_id=ONT_trialEb_250925 sample_id=ONT_trail_250925 barcode=barcode24 barcode_alias=barcode24 parent_read_id=5a4cf779-06c4-41d9-b765-ecde7c909831 basecall_model_version_id=dna_r10.4.1_e8.2_400bps_hac@v4.3.0
64	d2ed22f8-197e-4217-815a-e95feaf064ac runid=0dfb5b492dc86ce99bf7c61c734eb364afcdb5c8 ch=108 start_time=2025-09-25T16:31:36.398161+00:00 flow_cell_id=AWX817 basecall_gpu=NVIDIA_Tegra_X2 protocol_group_id=ONT_trialEb_250925 sample_id=ONT_trail_250925 barcode=barcode15 barcode_alias=barcode15 parent_read_id=d2ed22f8-197e-4217-815a-e95feaf064ac basecall_model_version_id=dna_r10.4.1_e8.2_400bps_hac@v4.3.0 rc
72	be542b5c-aab3-4d2c-9e54-be7abd45fa39 runid=0dfb5b492dc86ce99bf7c61c734eb364afcdb5c8 ch=10 start_time=2025-09-25T16:19:35.398161+00:00 flow_cell_id=AWX817 basecall_gpu=NVIDIA_Tegra_X2 protocol_group_id=ONT_trialEb_250925 sample_id=ONT_trail_250925 barcode=barcode15 barcode_alias=barcode15 parent_read_id=be542b5c-aab3-4d2c-9e54-be7abd45fa39 basecall_model_version_id=dna_r10.4.1_e8.2_400bps_hac@v4.3.0
94	a2ed93eb-b945-447c-809c-ffab10584740 runid=0dfb5b492dc86ce99bf7c61c734eb364afcdb5c8 ch=77 start_time=2025-09-25T16:27:55.398161+00:00 flow_cell_id=AWX817 basecall_gpu=NVIDIA_Tegra_X2 protocol_group_id=ONT_trialEb_250925 sample_id=ONT_trail_250925 barcode=barcode24 barcode_alias=barcode24 parent_read_id=a2ed93eb-b945-447c-809c-ffab10584740 basecall_model_version_id=dna_r10.4.1_e8.2_400bps_hac@v4.3.0 rc
96	eed22da5-25bb-43b6-ae5b-4e28f26e7cc2 runid=0dfb5b492dc86ce99bf7c61c734eb364afcdb5c8 ch=106 start_time=2025-09-25T16:15:44.398161+00:00 flow_cell_id=AWX817 basecall_gpu=NVIDIA_Tegra_X2 protocol_group_id=ONT_trialEb_250925 sample_id=ONT_trail_250925 barcode=barcode13 barcode_alias=barcode13 parent_read_id=eed22da5-25bb-43b6-ae5b-4e28f26e7cc2 basecall_model_version_id=dna_r10.4.1_e8.2_400bps_hac@v4.3.0 rc
115	81757044-6e42-4387-bbac-40895bbbb1e4 runid=0dfb5b492dc86ce99bf7c61c734eb364afcdb5c8 ch=110 start_time=2025-09-25T21:23:54.398161+00:00 flow_cell_id=AWX817 basecall_gpu=NVIDIA_Tegra_X2 protocol_group_id=ONT_trialEb_250925 sample_id=ONT_trail_250925 barcode=barcode24 barcode_alias=barcode24 parent_read_id=81757044-6e42-4387-bbac-40895bbbb1e4 basecall_model_version_id=dna_r10.4.1_e8.2_400bps_hac@v4.3.0 rc
122	213af0d3-8627-4859-90a3-baa4deb50530 runid=0dfb5b492dc86ce99bf7c61c734eb364afcdb5c8 ch=92 start_time=2025-09-25T21:51:12.398161+00:00 flow_cell_id=AWX817 basecall_gpu=NVIDIA_Tegra_X2 protocol_group_id=ONT_trialEb_250925 sample_id=ONT_trail_250925 barcode=barcode15 barcode_alias=barcode15 parent_read_id=213af0d3-8627-4859-90a3-baa4deb50530 basecall_model_version_id=dna_r10.4.1_e8.2_400bps_hac@v4.3.0 rc
132	8c5a7918-8f6d-4cc2-affe-8e051dc06acd runid=0dfb5b492dc86ce99bf7c61c734eb364afcdb5c8 ch=5 start_time=2025-09-25T20:28:19.398161+00:00 flow_cell_id=AWX817 basecall_gpu=NVIDIA_Tegra_X2 protocol_group_id=ONT_trialEb_250925 sample_id=ONT_trail_250925 barcode=barcode13 barcode_alias=barcode13 parent_read_id=8c5a7918-8f6d-4cc2-affe-8e051dc06acd basecall_model_version_id=dna_r10.4.1_e8.2_400bps_hac@v4.3.0 rc
