Header	SitesConsidered	N_Prop	Mismatch_Prop	Decision
Tolypocladium_capitatum_OSC71233	467	0.000	0.148	KEEP
Ophiocordyceps_agriotidis_ARSEF5692	496	0.000	0.093	KEEP
Ophiocordyceps_brunneipunctata_OSC128576	496	0.000	0.097	KEEP
Ophiocordyceps_acicularis_OSC128580	496	0.000	0.121	KEEP
Ophiocordyceps_melolonthae_OSC110993	496	0.000	0.115	KEEP
Ophiocordyceps_nutans_OSC110994	496	0.000	0.145	KEEP
Ophiocordyceps_ravenelii_OSC110995	496	0.000	0.141	KEEP
Ophiocordyceps_sphecocephala_OSC110998	496	0.000	0.167	KEEP
Ophiocordyceps_stylophora_OSC111000	496	0.000	0.121	KEEP
Ophiocordyceps_unilateralis_OSC128574	496	0.000	0.117	KEEP
Ophiocordyceps_variabilis_ARSEF5365	496	0.000	0.119	KEEP
Ophiocordyceps_irangiensis_OSC128578	496	0.000	0.179	KEEP
Ophiocordyceps_elongata_OSC110989	386	0.000	0.122	KEEP
Ophiocordyceps_entomorrhiza_KEW53484	402	0.000	0.109	KEEP
Ophiocordyceps_gracilis_EFCC3101	496	0.000	0.153	KEEP
Ophiocordyceps_heteropoda_EFCC10125	496	0.000	0.111	KEEP
Ophiocordyceps_konnoana_EFCC7315	475	0.042	0.156	KEEP
Ophiocordyceps_nigrella_EFCC9247	496	0.000	0.139	KEEP
Ophiocordyceps_rhizoidea_NHJ12529	496	0.000	0.085	KEEP
Ophiocordyceps_sinensis_EFCC7287	496	0.000	0.123	KEEP
Ophiocordyceps_sobolifera_KEW78842	492	0.000	0.091	KEEP
Ophiocordyceps_granospora_OSC128579	496	0.000	0.181	KEEP
Ophiocordyceps_spataforae_NHJ12525	496	0.000	0.181	KEEP
Ophiocordyceps_pruinosa_NHJ12994	496	0.000	0.167	KEEP
Ophiocordyceps_pulvinata_TNS_F_30044	496	0.000	0.115	KEEP
Ophiocordyceps_rubiginosiperitheciata_NBRC100946	496	0.000	0.147	KEEP
Ophiocordyceps_nutans_NBRC100944	496	0.000	0.133	KEEP
Ophiocordyceps_appendiculata_NBRC106959	496	0.000	0.127	KEEP
Tolypocladium_inflatum_MTCC557	492	0.000	0.132	KEEP
Ophiocordyceps_lanpingensis_YHOS0705	496	0.000	0.121	KEEP
Ophiocordyceps_robertsii_YHORZT007	496	0.000	0.115	KEEP
Ophiocordyceps_xuefengensis_GZUHHN13	496	0.000	0.131	KEEP
Ophiocordyceps_crinalis_GDGM17327	496	0.000	0.125	KEEP
Ophiocordyceps_australis_Ophaus926	496	0.000	0.149	KEEP
Ophiocordyceps_araracuarensis_Ophful696	496	0.000	0.099	KEEP
Ophiocordyceps_gracillisima_Ophgrc679	496	0.000	0.121	KEEP
Ophiocordyceps_ponerinarum_Ophkni790	496	0.000	0.123	KEEP
Ophiocordyceps_tiputini_Ophtip11465	496	0.000	0.089	KEEP
Ophiocordyceps_fulgoromorphila_Ophara717	496	0.000	0.181	KEEP
Ophiocordyceps_australis_Ophaus774	496	0.000	0.145	KEEP
Ophiocordyceps_ramosissimum_GZUHHN8	496	0.000	0.123	KEEP
Ophiocordyceps_formosana_TNM_F13893	496	0.000	0.107	KEEP
Tolypocladium_ophioglossoides_CBS100239	493	0.000	0.146	KEEP
Ophiocordyceps_forquignonii_OSC151902	496	0.000	0.109	KEEP
Ophiocordyceps_odonatae_TNS_F18563	496	0.000	0.143	KEEP
Ophiocordyceps_annulata_CEM303	496	0.000	0.119	KEEP
Ophiocordyceps_clavata_CEM1762	496	0.000	0.145	KEEP
Ophiocordyceps_cochlidiicola_HMAS199612	496	0.000	0.119	KEEP
Ophiocordyceps_curculionum_OSC151910	496	0.000	0.137	KEEP
Ophiocordyceps_dipterigena_OSC151911	493	0.000	0.209	KEEP
Ophiocordyceps_dipterigena_OSC151912	493	0.000	0.209	KEEP
Ophiocordyceps_formicarum_TNS_F18565	496	0.000	0.157	KEEP
Ophiocordyceps_lloydii_OSC151913	496	0.000	0.161	KEEP
Ophiocordyceps_longissima_TNS_F18448	496	0.000	0.077	KEEP
Ophiocordyceps_myrmecophila_HMAS199620	496	0.000	0.173	KEEP
Ophiocordyceps_neovolkiana_OSC151903	496	0.000	0.159	KEEP
Ophiocordyceps_purpureostromata_TNS_F18430	496	0.000	0.123	KEEP
Ophiocordyceps_sp_OSC151909	496	0.000	0.139	KEEP
Ophiocordyceps_yakusimensis_HMAS199604	496	0.000	0.079	KEEP
Ophiocordyceps_buquetii_HMAS199613	489	0.000	0.204	KEEP
Ophiocordyceps_buquetii_HMAS199617	496	0.000	0.137	KEEP
Hirsutella_citriformis_ARSEF1446	496	0.000	0.145	KEEP
Ophiocordyceps_amazonica_Ophama2026	496	0.000	0.159	KEEP
Ophiocordyceps_blattarioides_Ophsp_014	496	0.000	0.149	KEEP
Ophiocordyceps_evansii_Ophsp_858	496	0.000	0.139	KEEP
Ophiocordyceps_naomipierceae_DAWKSANT	496	0.000	0.121	KEEP
Ophiocordyceps_camponoti_FEMO2	496	0.000	0.159	KEEP
Ophiocordyceps_camponoti_G108	496	0.000	0.151	KEEP
Ophiocordyceps_camponoti_G143	496	0.000	0.125	KEEP
Ophiocordyceps_camponoti_HIPPOC	496	0.000	0.133	KEEP
Ophiocordyceps_ootakii_J13	496	0.000	0.151	KEEP
Ophiocordyceps_satoi_J19	496	0.000	0.115	KEEP
Ophiocordyceps_monacidis_MF74	496	0.000	0.115	KEEP
Ophiocordyceps_blakebarnesii_MISSOU5	496	0.000	0.107	KEEP
Ophiocordyceps_camponoti_NIDUL2	496	0.000	0.133	KEEP
Ophiocordyceps_camponoti_OBIS5	496	0.000	0.131	KEEP
Ophiocordyceps_kimflemingiae_SC30	496	0.000	0.133	KEEP
Ophiocordyceps_sp_CatKNZ01_OP	496	0.000	0.079	KEEP
Ophiocordyceps_pseudoacicularis_BCC49256	496	0.000	0.119	KEEP
Ophiocordyceps_geometridicola_BCC35947	496	0.000	0.151	KEEP
Ophiocordyceps_pauciovoperitheciata_BCC53615	496	0.000	0.119	KEEP
Ophiocordyceps_brunneanigra_BCC69032	496	0.000	0.129	KEEP
Ophiocordyceps_macroacicularis_BCC22918	496	0.000	0.125	KEEP
Ophiocordyceps_multiperitheciata_BCC22861	496	0.000	0.135	KEEP
Ophiocordyceps_brunneaperitheciata_BCC49312	443	0.000	0.485	REMOVE
Ophiocordyceps_thanathonensis_MFLUCC_16_2909	496	0.000	0.177	KEEP
Ophiocordyceps_thanathonensis_MFLUCC_16_2910	496	0.000	0.179	KEEP
Ophiocordyceps_khaoyaiensis_BCC82796	496	0.000	0.177	KEEP
Ophiocordyceps_granospora_BCC82255	496	0.000	0.173	KEEP
Ophiocordyceps_megacuculla_BCC82258	496	0.000	0.179	KEEP
Ophiocordyceps_communis_BCC2754	493	0.000	0.176	KEEP
Ophiocordyceps_corriemoreauae_C2014A	495	0.002	0.156	KEEP
Ophiocordyceps_odontomachi_Odonto1	495	0.002	0.139	KEEP
Ophiocordyceps_paltothyrei_Palt1	494	0.004	0.138	KEEP
Ophiocordyceps_paltothyrei_Palt2	495	0.002	0.139	KEEP
Ophiocordyceps_kniphofioides_MF90	494	0.002	0.111	KEEP
Ophiocordyceps_humbertii_MF116B	495	0.000	0.111	KEEP
Ophiocordyceps_sp_SJ22	495	0.000	0.131	KEEP
Ophiocordyceps_aphrophoridarum_YTS19061907	496	0.000	0.123	KEEP
Ophiocordyceps_asiana_MY11878	496	0.000	0.133	KEEP
Ophiocordyceps_laotii_BCC76495	496	0.000	0.147	KEEP
Ophiocordyceps_pseudolloydii_MFLU_22_0266	496	0.000	0.157	KEEP
Ophiocordyceps_vespulae_HKAS_102449	496	0.000	0.121	KEEP
Ophiocordyceps_aseptatospora_GZAAS_22_2052	496	0.000	0.125	KEEP
Ophiocordyceps_pseudonutans_HAKS131087	496	0.000	0.133	KEEP
Ophiocordyceps_camponoti_YFCC9028	496	0.000	0.161	KEEP
Ophiocordyceps_tessaratomidarum_GMBC3025	496	0.000	0.139	KEEP
Ophiocordyceps_anshunensis_GMBC3026	496	0.000	0.143	KEEP
Ophiocordyceps_bannaensis_GACP24_0801	496	0.000	0.177	KEEP
Ophiocordyceps_anocheti_HKAS132231	496	0.000	0.125	KEEP
Ophiocordyceps_nutans_SICAU_24_0164	496	0.000	0.129	KEEP
Ophiocordyceps_nutans_SICAU_24_0164_1	496	0.000	0.129	KEEP
Ophiocordyceps_nutans_SICAU_24_0165	496	0.000	0.133	KEEP
Ophiocordyceps_laosensis_GMB3137	493	0.000	0.213	KEEP
Ophiocordyceps_cylindrospora_HKAS148937	496	0.000	0.173	KEEP
Ophiocordyceps_asiana_GMBC3023	496	0.000	0.131	KEEP
Ophiocordyceps_brunneipunctata_HKAS149958	496	0.000	0.099	KEEP
Ophiocordyceps_humbertii_MF116A	495	0.000	0.111	KEEP
Ophiocordyceps_kniphofioides_HUA_TSF790	496	0.000	0.123	KEEP
Ophiocordyceps_myrmecophila_BCC82985	496	0.000	0.175	KEEP
ONT_204_B	291	0.000	0.165	KEEP
ONT_205_A	288	0.000	0.160	KEEP
