203_A|ITS2_350bp_U001_U001|consensus_cl_id_12_total_supporting_reads_37	gi|2104798642|gb|OK353807.1|	100.000	306	0	0	1	306	220	525	9.61e-157	566	1715220	Alternaria sp. isolate NB550 internal transcribed spacer 1, partial sequence; 5.8S ribosomal RNA gene and internal transcribed spacer 2, complete sequence; and large subunit ribosomal RNA gene, partial sequence
203_A|ITS2_350bp_U001_U001|consensus_cl_id_12_total_supporting_reads_37	gi|2941074751|gb|PV369754.1|	100.000	306	0	0	1	306	229	534	9.61e-157	566	45303	Alternaria infectoria isolate AH119J internal transcribed spacer 1, partial sequence; 5.8S ribosomal RNA gene and internal transcribed spacer 2, complete sequence; and large subunit ribosomal RNA gene, partial sequence
203_A|ITS2_350bp_U001_U001|consensus_cl_id_12_total_supporting_reads_37	gi|385654588|gb|JQ409148.1|	100.000	306	0	0	1	306	232	537	9.61e-157	566	1177839	Fungal sp. BSWY1-1 internal transcribed spacer 1, partial sequence; 5.8S ribosomal RNA gene and internal transcribed spacer 2, complete sequence; and 28S ribosomal RNA gene, partial sequence
203_A|ITS2_350bp_U001_U001|consensus_cl_id_12_total_supporting_reads_37	gi|2941074406|gb|PV369586.1|	100.000	306	0	0	1	306	242	547	9.61e-157	566	45303	Alternaria infectoria isolate AR12F internal transcribed spacer 1, partial sequence; 5.8S ribosomal RNA gene and internal transcribed spacer 2, complete sequence; and large subunit ribosomal RNA gene, partial sequence
203_A|ITS2_350bp_U001_U001|consensus_cl_id_12_total_supporting_reads_37	gi|2941074745|gb|PV369751.1|	100.000	306	0	0	1	306	239	544	9.61e-157	566	45303	Alternaria infectoria isolate AH113J internal transcribed spacer 1, partial sequence; 5.8S ribosomal RNA gene and internal transcribed spacer 2, complete sequence; and large subunit ribosomal RNA gene, partial sequence
203_A|ITS2_350bp_U001_U001|consensus_cl_id_4_total_supporting_reads_105	gi|2619846822|gb|OR794218.1|	100.000	364	0	0	1	364	218	581	0.0	673	5537	Rhodotorula mucilaginosa isolate KWT_A internal transcribed spacer 1, partial sequence; 5.8S ribosomal RNA gene and internal transcribed spacer 2, complete sequence; and large subunit ribosomal RNA gene, partial sequence
203_A|ITS2_350bp_U001_U001|consensus_cl_id_4_total_supporting_reads_105	gi|385258056|gb|JQ425393.1|	100.000	364	0	0	1	364	242	605	0.0	673	5537	Rhodotorula mucilaginosa strain AUMC 7248 18S ribosomal RNA gene, partial sequence; internal transcribed spacer 1, 5.8S ribosomal RNA gene, and internal transcribed spacer 2, complete sequence; and 28S ribosomal RNA gene, partial sequence
203_A|ITS2_350bp_U001_U001|consensus_cl_id_4_total_supporting_reads_105	gi|1781308596|gb|MN788423.1|	100.000	364	0	0	1	364	177	540	0.0	673	5537	Rhodotorula mucilaginosa isolate en29 internal transcribed spacer 1, partial sequence; 5.8S ribosomal RNA gene and internal transcribed spacer 2, complete sequence; and large subunit ribosomal RNA gene, partial sequence
203_A|ITS2_350bp_U001_U001|consensus_cl_id_4_total_supporting_reads_105	gi|2650351200|gb|PP158645.1|	100.000	364	0	0	1	364	200	563	0.0	673	5537	Rhodotorula mucilaginosa strain IST667 internal transcribed spacer 1, partial sequence; 5.8S ribosomal RNA gene and internal transcribed spacer 2, complete sequence; and large subunit ribosomal RNA gene, partial sequence
203_A|ITS2_350bp_U001_U001|consensus_cl_id_4_total_supporting_reads_105	gi|290891773|gb|GU819236.1|	100.000	364	0	0	1	364	168	531	0.0	673	744436	Rhodotorula sp. PS4 internal transcribed spacer 1, partial sequence; 5.8S ribosomal RNA gene and internal transcribed spacer 2, complete sequence; and 28S ribosomal RNA gene, partial sequence
203_A|ITS2_350bp_U001_U001|consensus_cl_id_46_total_supporting_reads_111	gi|1005260063|emb|HG936939.1|	100.000	304	0	0	3	306	237	540	1.24e-155	562	526456	Uncultured Didymella genomic DNA containing 18S rRNA gene, ITS1, 5.8S rRNA gene, ITS2 and 28S rRNA gene, clone 09J70C46 (MOTU112)
203_A|ITS2_350bp_U001_U001|consensus_cl_id_46_total_supporting_reads_111	gi|2649758680|gb|PP156753.1|	100.000	304	0	0	3	306	229	532	1.24e-155	562	487631	Neoascochyta exitialis isolate 637_ITS1F internal transcribed spacer 1, partial sequence; 5.8S ribosomal RNA gene and internal transcribed spacer 2, complete sequence; and large subunit ribosomal RNA gene, partial sequence
203_A|ITS2_350bp_U001_U001|consensus_cl_id_46_total_supporting_reads_111	gi|1151126475|gb|KY430455.1|	100.000	304	0	0	3	306	259	562	1.24e-155	562	526456	Uncultured Didymella clone 191_K2_K8_K10_K11ov small subunit ribosomal RNA gene, partial sequence; internal transcribed spacer 1, 5.8S ribosomal RNA gene, and internal transcribed spacer 2, complete sequence; and large subunit ribosomal RNA gene, partial sequence
203_A|ITS2_350bp_U001_U001|consensus_cl_id_46_total_supporting_reads_111	gi|213498031|emb|FM875938.1|	100.000	304	0	0	3	306	193	496	1.24e-155	562	175245	Uncultured fungus 18S rRNA gene (partial), ITS1, 5.8S rRNA gene, ITS2 and 28S rRNA gene (partial), isolated from FBN/v mouse lung tissue
203_A|ITS2_350bp_U001_U001|consensus_cl_id_46_total_supporting_reads_111	gi|300078368|gb|GU054291.1|	100.000	304	0	0	3	306	242	545	1.24e-155	562	175245	Uncultured fungus clone LX042400-122-057-A11 internal transcribed spacer 1, partial sequence; 5.8S ribosomal RNA gene, complete sequence; and internal transcribed spacer 2, partial sequence
203_A|LSU_308bp_U001_U001|consensus_cl_id_10_total_supporting_reads_90	gi|207107253|dbj|AB438611.1|	100.000	269	0	0	2	270	217	485	3.12e-136	497	532707	Soil fungal sp. DM252 gene for 28S rRNA, partial sequence
203_A|LSU_308bp_U001_U001|consensus_cl_id_10_total_supporting_reads_90	gi|1373933132|gb|MH160805.1|	100.000	269	0	0	2	270	293	561	3.12e-136	497	2152653	Xylaria sp. 1 YHY-2018 strain Y.H. Yeh V0615 large subunit ribosomal RNA gene, partial sequence
203_A|LSU_308bp_U001_U001|consensus_cl_id_10_total_supporting_reads_90	gi|260909311|gb|GQ906952.1|	100.000	269	0	0	2	270	852	1120	3.12e-136	497	679708	Xylariales cf. JP60-5 18S ribosomal RNA gene, partial sequence; internal transcribed spacer 1, 5.8S ribosomal RNA gene, and internal transcribed spacer 2, complete sequence; and 28S ribosomal RNA gene, partial sequence
203_A|LSU_308bp_U001_U001|consensus_cl_id_10_total_supporting_reads_90	gi|260909313|gb|GQ906954.1|	100.000	269	0	0	2	270	855	1123	3.12e-136	497	679704	Xylariales cf. JP14-3 18S ribosomal RNA gene, partial sequence; internal transcribed spacer 1, 5.8S ribosomal RNA gene, and internal transcribed spacer 2, complete sequence; and 28S ribosomal RNA gene, partial sequence
203_A|LSU_308bp_U001_U001|consensus_cl_id_10_total_supporting_reads_90	gi|1546591189|gb|MK353201.1|	100.000	269	0	0	2	270	304	572	3.12e-136	497	1715255	Xylaria sp. strain Y.H. Yeh I1106 large subunit ribosomal RNA gene, partial sequence
203_A|LSU_308bp_U001_U001|consensus_cl_id_4_total_supporting_reads_94	gi|2019446455|dbj|LC621228.1|	100.000	266	0	0	2	267	295	560	1.45e-134	492	1116209	Cladosporium phlei MHJB gene for 28S rRNA, partial sequence
203_A|LSU_308bp_U001_U001|consensus_cl_id_4_total_supporting_reads_94	gi|319655272|gb|HQ143184.1|	100.000	266	0	0	2	267	325	590	1.45e-134	492	175245	Uncultured fungus clone 22-24FM 26S ribosomal RNA gene, partial sequence
203_A|LSU_308bp_U001_U001|consensus_cl_id_4_total_supporting_reads_94	gi|1421637300|gb|MF627673.1|	100.000	266	0	0	2	267	286	551	1.45e-134	492	175245	Uncultured fungus clone CulTenn Endophyte22 large subunit ribosomal RNA gene, partial sequence
203_A|LSU_308bp_U001_U001|consensus_cl_id_4_total_supporting_reads_94	gi|386436335|gb|JQ388759.1|	100.000	266	0	0	2	267	294	559	1.45e-134	492	166632	Cladosporium coralloides strain F-J555-1.1 large subunit ribosomal RNA gene, partial sequence
203_A|LSU_308bp_U001_U001|consensus_cl_id_4_total_supporting_reads_94	gi|1246351583|gb|KY781762.1|	100.000	266	0	0	2	267	289	554	1.45e-134	492	70808	Cladosporium tenuissimum culture QCC:M024/17 large subunit ribosomal RNA gene, partial sequence
203_A|LSU_308bp_U001_U001|consensus_cl_id_5_total_supporting_reads_143	gi|1797100662|gb|MN943836.1|	100.000	273	0	0	3	275	294	566	1.89e-138	505	487631	Neoascochyta exitialis culture CBS:813.84 large subunit ribosomal RNA gene, partial sequence
203_A|LSU_308bp_U001_U001|consensus_cl_id_5_total_supporting_reads_143	gi|2689331922|gb|PP411283.1|	100.000	273	0	0	3	275	278	550	1.89e-138	505	1770171	Neoascochyta desmazieri isolate EPJC100 large subunit ribosomal RNA gene, partial sequence
203_A|LSU_308bp_U001_U001|consensus_cl_id_5_total_supporting_reads_143	gi|2446310579|gb|OQ457657.1|	100.000	273	0	0	3	275	297	569	1.89e-138	505	1858587	Neoascochyta cylindrispora strain EPJC12 large subunit ribosomal RNA gene, partial sequence
203_A|LSU_308bp_U001_U001|consensus_cl_id_5_total_supporting_reads_143	gi|1722558129|gb|MN308615.1|	100.000	273	0	0	3	275	284	556	1.89e-138	505	1770171	Neoascochyta desmazieri isolate P6632 large subunit ribosomal RNA gene, partial sequence.
203_A|LSU_308bp_U001_U001|consensus_cl_id_5_total_supporting_reads_143	gi|315190072|gb|HQ691436.1|	100.000	273	0	0	3	275	40	312	1.89e-138	505	936063	Didymella phleina strain CABI 243158 large subunit ribosomal RNA gene, partial sequence
203_A|RPB1_320bp_U001_U001|consensus_cl_id_0_total_supporting_reads_398	gi|109628527|gb|DQ522376.1|	99.298	285	2	0	1	285	181	465	9.45e-142	516	386286	Cordyceps melolonthae strain OSC 110993 RNA polymerase II largest subunit (RPB1) gene, partial sequence
203_A|RPB1_320bp_U001_U001|consensus_cl_id_0_total_supporting_reads_398	gi|1315193005|gb|MF416669.1|	98.264	288	5	0	1	288	190	477	2.05e-138	505	1399883	Ophiocordyceps sp. TIS-2013 voucher HUA TSF 679 DNA-directed RNA polymerase II largest subunit (rpb1) gene, partial cds
203_A|RPB1_320bp_U001_U001|consensus_cl_id_0_total_supporting_reads_398	gi|678178163|gb|KF658666.1|	98.264	288	5	0	1	288	213	500	2.05e-138	505	386286	Ophiocordyceps melolonthae isolate Ophgrc679 DNA-dependent RNA polymerase II largest subunit (RPB1) gene, partial cds
203_A|RPB1_320bp_U001_U001|consensus_cl_id_0_total_supporting_reads_398	gi|675023557|gb|KJ879010.1|	87.456	287	36	0	2	288	172	458	3.67e-86	331	933235	Ophiocordyceps neovolkiana voucher OSC 151903 DNA-directed RNA polymerase II largest subunit gene, partial cds
203_A|RPB1_320bp_U001_U001|consensus_cl_id_0_total_supporting_reads_398	gi|156970666|gb|EF468860.1|	87.018	285	37	0	1	285	177	461	2.21e-83	322	2651841	Ophiocordyceps heteropoda strain EFCC 10125 DNA-dependent RNA polymerase II largest subunit (rpb1) gene, partial cds
203_A|TEF_268bp_U001_U001|consensus_cl_id_0_total_supporting_reads_325	gi|109628458|gb|DQ522331.1|	99.119	227	2	0	3	229	349	575	1.24e-109	409	386286	Cordyceps melolonthae strain OSC 110993 translation elongation factor 1-alpha (EF1-alpha) gene, partial cds
203_A|TEF_268bp_U001_U001|consensus_cl_id_0_total_supporting_reads_325	gi|1315192799|gb|MF416512.1|	96.916	227	7	0	3	229	97	323	2.70e-101	381	1399883	Ophiocordyceps sp. TIS-2013 voucher HUA TSF 679 translation elongation factor 1 alpha (TEF) gene, partial cds
203_A|TEF_268bp_U001_U001|consensus_cl_id_0_total_supporting_reads_325	gi|544191519|gb|KC610744.1|	96.916	227	7	0	3	229	97	323	2.70e-101	381	386286	Ophiocordyceps melolonthae isolate Ophgrc679 translation elongation factor 1-alpha (TEF) gene, partial cds
203_A|TEF_268bp_U001_U001|consensus_cl_id_0_total_supporting_reads_325	gi|2572827037|gb|OR199818.1|	94.643	224	12	0	3	226	319	542	2.74e-91	348	3073398	Paraisaria sp. 1 EB-2023 voucher OSC-M-052009 translation elongation factor 1-alpha (TEF) gene, partial cds
203_A|TEF_268bp_U001_U001|consensus_cl_id_0_total_supporting_reads_325	gi|45645256|gb|AY489617.1|	94.273	227	13	0	3	229	349	575	2.74e-91	348	2651841	Ophiocordyceps heteropoda translation elongation factor 1 alpha gene, partial cds
204_B|ITS2_350bp_U001_U002|consensus_cl_id_2_total_supporting_reads_499	gi|1046610935|gb|KX197243.1|	99.331	299	2	0	3	301	217	515	1.61e-149	542	1881843	Ophiocordyceps neonutans voucher KEL138 18S ribosomal RNA gene, partial sequence; internal transcribed spacer 1, 5.8S ribosomal RNA gene, and internal transcribed spacer 2, complete sequence; and 28S ribosomal RNA gene, partial sequence
204_B|ITS2_350bp_U001_U002|consensus_cl_id_2_total_supporting_reads_499	gi|1046610933|gb|KX197241.1|	99.331	299	2	0	3	301	216	514	1.61e-149	542	1881843	Ophiocordyceps neonutans voucher KEL114 18S ribosomal RNA gene, partial sequence; internal transcribed spacer 1, 5.8S ribosomal RNA gene, and internal transcribed spacer 2, complete sequence; and 28S ribosomal RNA gene, partial sequence
204_B|ITS2_350bp_U001_U002|consensus_cl_id_2_total_supporting_reads_499	gi|1046610934|gb|KX197242.1|	99.331	299	2	0	3	301	217	515	1.61e-149	542	1881843	Ophiocordyceps neonutans voucher FMF88 18S ribosomal RNA gene, partial sequence; internal transcribed spacer 1, 5.8S ribosomal RNA gene, and internal transcribed spacer 2, complete sequence; and 28S ribosomal RNA gene, partial sequence
204_B|ITS2_350bp_U001_U002|consensus_cl_id_2_total_supporting_reads_499	gi|1046610932|gb|KX197240.1|	99.265	272	2	0	3	274	218	489	1.64e-134	492	1881843	Ophiocordyceps neonutans voucher KEL110 18S ribosomal RNA gene, partial sequence; internal transcribed spacer 1 and 5.8S ribosomal RNA gene, complete sequence; and internal transcribed spacer 2, partial sequence
204_B|ITS2_350bp_U001_U002|consensus_cl_id_2_total_supporting_reads_499	gi|1632314058|ref|NR_163284.1|	99.222	257	2	0	3	259	204	460	3.58e-126	464	1881843	Ophiocordyceps neonutans FLOR 57336 ITS region; from TYPE material
204_B|LSU_308bp_U001_U002|consensus_cl_id_0_total_supporting_reads_499	gi|2899334686|gb|PV062192.1|	89.286	280	28	2	3	280	288	567	9.64e-92	350	87751	Ophiocordyceps nutans voucher iNaturalist#84633564 large subunit ribosomal RNA gene, partial sequence
204_B|LSU_308bp_U001_U002|consensus_cl_id_0_total_supporting_reads_499	gi|678178121|gb|KJ917567.1|	89.286	280	28	2	3	280	237	516	9.64e-92	350	87751	Ophiocordyceps nutans isolate Oph994 28S large subunit ribosomal RNA gene, partial sequence
204_B|LSU_308bp_U001_U002|consensus_cl_id_0_total_supporting_reads_499	gi|2899334683|gb|PV062190.1|	89.286	280	28	2	3	280	288	567	9.64e-92	350	87751	Ophiocordyceps nutans voucher iNaturalist#84633145 large subunit ribosomal RNA gene, partial sequence
204_B|LSU_308bp_U001_U002|consensus_cl_id_0_total_supporting_reads_499	gi|2391356502|gb|OP962373.1|	87.455	279	30	5	3	280	287	561	9.77e-82	316	94214	Ophiocordyceps tricentri voucher HKAS 126035 large subunit ribosomal RNA gene, partial sequence
204_B|LSU_308bp_U001_U002|consensus_cl_id_0_total_supporting_reads_499	gi|2863430573|gb|PQ662758.1|	87.455	279	30	5	3	280	328	602	9.77e-82	316	2780543	Ophiocordyceps aphrophoridarum voucher HKAS:132195 large subunit ribosomal RNA gene, partial sequence
204_B|RPB1_320bp_U001_U002|consensus_cl_id_0_total_supporting_reads_344	gi|675023519|gb|KJ878991.1|	89.860	286	29	0	1	286	209	494	2.74e-97	368	1046109	Ophiocordyceps forquignonii voucher OSC 151902 DNA-directed RNA polymerase II largest subunit gene, partial cds
204_B|RPB1_320bp_U001_U002|consensus_cl_id_0_total_supporting_reads_344	gi|675023543|gb|KJ879003.1|	89.860	286	29	0	1	286	182	467	2.74e-97	368	1046109	Ophiocordyceps forquignonii voucher OSC 151908 DNA-directed RNA polymerase II largest subunit gene, partial cds
204_B|RPB1_320bp_U001_U002|consensus_cl_id_0_total_supporting_reads_344	gi|2839708576|gb|PQ409338.1|	89.510	286	30	0	1	286	168	453	1.27e-95	363	3371308	Ophiocordyceps sp. WB-2024e voucher HKAS 126229 RNA polymerase II largest subunit (RPB1) gene, partial cds
204_B|RPB1_320bp_U001_U002|consensus_cl_id_0_total_supporting_reads_344	gi|2839708574|gb|PQ409337.1|	89.510	286	30	0	1	286	168	453	1.27e-95	363	3371308	Ophiocordyceps sp. WB-2024e voucher HKAS 126033 RNA polymerase II largest subunit (RPB1) gene, partial cds
204_B|RPB1_320bp_U001_U002|consensus_cl_id_0_total_supporting_reads_344	gi|3048800740|gb|PX131332.1|	88.462	286	33	0	1	286	179	464	1.28e-90	346	3457825	Ophiocordyceps sp. SKH-2025e isolate 2402 RNA polymerase II largest subunit (RPB1) gene, partial cds
204_B|TEF_268bp_U001_U002|consensus_cl_id_2_total_supporting_reads_461	gi|1325793199|emb|LT971394.1|	91.667	228	19	0	3	230	305	532	7.87e-82	316	2052686	Chaetomiaceae sp. AN-2017 partial tef1a gene for translation elongation factor 1 alpha, strain CCF:5688
204_B|TEF_268bp_U001_U002|consensus_cl_id_2_total_supporting_reads_461	gi|946719638|gb|KT963549.1|	91.228	228	20	0	3	230	320	547	3.66e-80	311	1747702	Moelleriella sp. XH-2015b strain HNBW201208 translation elongation factor 1-alpha (EF1-alpha) gene, partial cds
204_B|TEF_268bp_U001_U002|consensus_cl_id_2_total_supporting_reads_461	gi|3003033039|dbj|LC832432.1|	91.228	228	18	2	4	230	157	383	1.32e-79	309	3440257	Cordana globosa 111FS2-5A1 gene for translation elongation factor 1-alpha, partial cds
204_B|TEF_268bp_U001_U002|consensus_cl_id_2_total_supporting_reads_461	gi|1790023862|gb|MK249874.1|	91.518	224	17	2	3	225	341	563	4.74e-79	307	2107883	Balansia sp. isolate CDUB2231 translation elongation factor 1-alpha (TEF1) gene, partial cds
204_B|TEF_268bp_U001_U002|consensus_cl_id_2_total_supporting_reads_461	gi|268633544|gb|FJ860646.1|	91.150	226	20	0	3	228	891	1116	4.74e-79	307	692693	Trichoderma luteocrystallinum strain CBS 123828 translation elongation factor 1 alpha (tef1) gene, partial sequence
205_A|ITS2_350bp_U001_U003|consensus_cl_id_3_total_supporting_reads_499	gi|295840941|dbj|AB544489.1|	89.247	186	14	4	2	183	214	397	4.50e-55	228	87751	Ophiocordyceps nutans genes for ITS1, 5.8S rRNA, ITS2, complete sequence, strain: 06Yak2
205_A|ITS2_350bp_U001_U003|consensus_cl_id_3_total_supporting_reads_499	gi|731174807|dbj|AB968408.1|	89.247	186	14	4	2	183	269	452	4.50e-55	228	87751	Ophiocordyceps nutans genes for small subunit ribosomal RNA, ITS1, 5.8S rRNA, ITS2, large subunit ribosomal RNA, partial and complete sequence, culture_collection: NBRC:101749
205_A|ITS2_350bp_U001_U003|consensus_cl_id_3_total_supporting_reads_499	gi|295840929|dbj|AB544477.1|	89.247	186	14	4	2	183	215	398	4.50e-55	228	87751	Ophiocordyceps nutans genes for ITS1, 5.8S rRNA, ITS2, complete sequence, strain: 06Tank10
205_A|ITS2_350bp_U001_U003|consensus_cl_id_3_total_supporting_reads_499	gi|295840931|dbj|AB544479.1|	89.247	186	14	4	2	183	215	398	4.50e-55	228	87751	Ophiocordyceps nutans genes for ITS1, 5.8S rRNA, ITS2, complete sequence, strain: 06Tank13
205_A|ITS2_350bp_U001_U003|consensus_cl_id_3_total_supporting_reads_499	gi|295840938|dbj|AB544486.1|	89.247	186	14	4	2	183	221	404	4.50e-55	228	87751	Ophiocordyceps nutans genes for ITS1, 5.8S rRNA, ITS2, complete sequence, strain: 06Tank22
205_A|LSU_308bp_U001_U003|consensus_cl_id_4_total_supporting_reads_498	gi|103485480|gb|DQ518763.1|	100.000	269	0	0	4	272	321	589	3.12e-136	497	87751	Cordyceps nutans strain OSC 110994 large subunit ribosomal RNA gene, partial sequence
205_A|LSU_308bp_U001_U003|consensus_cl_id_4_total_supporting_reads_498	gi|2391356527|gb|OP962385.1|	85.145	276	28	10	4	272	281	550	7.40e-68	270	87730	Ophiocordyceps myrmecophila voucher HKAS 126052 large subunit ribosomal RNA gene, partial sequence
205_A|LSU_308bp_U001_U003|consensus_cl_id_4_total_supporting_reads_498	gi|2391356534|gb|OP962388.1|	84.838	277	27	12	4	272	281	550	3.45e-66	265	2014595	Ophiocordyceps thanathonensis voucher HKAS 126056 large subunit ribosomal RNA gene, partial sequence
205_A|LSU_308bp_U001_U003|consensus_cl_id_4_total_supporting_reads_498	gi|2417570675|gb|OQ127395.1|	84.838	277	27	12	4	272	306	575	3.45e-66	265	2014595	Ophiocordyceps thanathonensis voucher HKAS:102442 large subunit ribosomal RNA gene, partial sequence
205_A|LSU_308bp_U001_U003|consensus_cl_id_4_total_supporting_reads_498	gi|2391356536|gb|OP962389.1|	84.838	277	27	12	4	272	280	549	3.45e-66	265	2014595	Ophiocordyceps thanathonensis voucher HKAS 126057 large subunit ribosomal RNA gene, partial sequence
205_A|RPB1_320bp_U001_U003|consensus_cl_id_2_total_supporting_reads_497	gi|109628529|gb|DQ522378.1|	99.647	283	1	0	4	286	156	438	2.54e-142	518	87751	Cordyceps nutans strain OSC 110994 RNA polymerase II largest subunit (RPB1) gene, partial sequence
205_A|RPB1_320bp_U001_U003|consensus_cl_id_2_total_supporting_reads_497	gi|2724755768|gb|PP681111.1|	93.214	280	19	0	4	283	222	501	1.23e-110	412	3137129	Ophiocordyceps sp. YG-2024a strain GMBC 3026 RNA polymerase II largest subunit (RPB1) gene, partial cds
205_A|RPB1_320bp_U001_U003|consensus_cl_id_2_total_supporting_reads_497	gi|2839708584|gb|PQ409342.1|	92.857	280	20	0	4	283	163	442	5.73e-109	407	3369590	Ophiocordyceps sp. WB-2024c voucher HKAS 126060 RNA polymerase II largest subunit (RPB1) gene, partial cds
205_A|RPB1_320bp_U001_U003|consensus_cl_id_2_total_supporting_reads_497	gi|2724755764|gb|PP681109.1|	92.857	280	20	0	4	283	222	501	5.73e-109	407	87751	Ophiocordyceps nutans strain GMBC 3024 RNA polymerase II largest subunit (RPB1) gene, partial cds
205_A|RPB1_320bp_U001_U003|consensus_cl_id_2_total_supporting_reads_497	gi|2839708586|gb|PQ409343.1|	92.857	280	20	0	4	283	178	457	5.73e-109	407	3369590	Ophiocordyceps sp. WB-2024c voucher HKAS 126128 RNA polymerase II largest subunit (RPB1) gene, partial cds
205_A|TEF_268bp_U001_U003|consensus_cl_id_5_total_supporting_reads_478	gi|109628461|gb|DQ522333.1|	100.000	229	0	0	3	231	349	577	4.46e-114	424	87751	Cordyceps nutans strain OSC 110994 translation elongation factor 1-alpha (EF1-alpha) gene, partial cds
205_A|TEF_268bp_U001_U003|consensus_cl_id_5_total_supporting_reads_478	gi|2724755788|gb|PP681121.1|	96.070	229	9	0	3	231	349	577	4.56e-99	374	3137129	Ophiocordyceps sp. YG-2024a strain GMBC 3026 translation elongation factor 1-alpha (EF1-alpha) gene, partial cds
205_A|TEF_268bp_U001_U003|consensus_cl_id_5_total_supporting_reads_478	gi|2724755784|gb|PP681119.1|	95.633	229	10	0	3	231	349	577	2.12e-97	368	87751	Ophiocordyceps nutans strain GMBC 3024 translation elongation factor 1-alpha (EF1-alpha) gene, partial cds
205_A|TEF_268bp_U001_U003|consensus_cl_id_5_total_supporting_reads_478	gi|2442402305|gb|OQ186384.1|	95.633	229	10	0	3	231	304	532	2.12e-97	368	87751	Ophiocordyceps nutans voucher HKAS:102461 translation elongation factor 1-alpha (tef1a) gene, partial cds
205_A|TEF_268bp_U001_U003|consensus_cl_id_5_total_supporting_reads_478	gi|2815716664|gb|PQ369655.1|	95.217	230	11	0	2	231	303	532	2.74e-96	364	3369590	Ophiocordyceps sp. WB-2024c voucher HKAS 126060 translation elongation factor 1-alpha (tef1) gene, partial cds
206_A|ITS2_350bp_U001_U004|consensus_cl_id_2_total_supporting_reads_499	gi|2989093149|gb|PV715547.1|	97.394	307	3	4	1	306	195	497	2.73e-142	518	1912256	Ophiocordyceps sp. voucher HKAS 133567 internal transcribed spacer 1, partial sequence; 5.8S ribosomal RNA gene and internal transcribed spacer 2, complete sequence; and large subunit ribosomal RNA gene, partial sequence
206_A|ITS2_350bp_U001_U004|consensus_cl_id_2_total_supporting_reads_499	gi|1562683378|gb|MK453047.1|	97.087	309	2	4	1	306	192	496	3.53e-141	514	87751	Ophiocordyceps nutans voucher MHHNU 30295 internal transcribed spacer 1, partial sequence; 5.8S ribosomal RNA gene and internal transcribed spacer 2, complete sequence; and large subunit ribosomal RNA gene, partial sequence
206_A|ITS2_350bp_U001_U004|consensus_cl_id_2_total_supporting_reads_499	gi|2417570639|gb|OQ127359.1|	96.764	309	3	4	1	306	194	498	1.64e-139	508	87751	Ophiocordyceps nutans voucher HKAS:102461 internal transcribed spacer 1, partial sequence; 5.8S ribosomal RNA gene and internal transcribed spacer 2, complete sequence; and large subunit ribosomal RNA gene, partial sequence
206_A|ITS2_350bp_U001_U004|consensus_cl_id_2_total_supporting_reads_499	gi|2056247155|gb|MZ427197.1|	96.732	306	3	4	1	303	242	543	7.64e-138	503	1912256	Ophiocordyceps sp. voucher HKAS115181 small subunit ribosomal RNA gene, partial sequence; internal transcribed spacer 1, 5.8S ribosomal RNA gene, and internal transcribed spacer 2, complete sequence; and large subunit ribosomal RNA gene, partial sequence
206_A|ITS2_350bp_U001_U004|consensus_cl_id_2_total_supporting_reads_499	gi|2710189934|gb|PP583069.1|	96.117	309	6	3	1	306	234	539	9.88e-137	499	87751	Ophiocordyceps nutans isolate GMBC 3024 small subunit ribosomal RNA gene, partial sequence; internal transcribed spacer 1, 5.8S ribosomal RNA gene, and internal transcribed spacer 2, complete sequence; and large subunit ribosomal RNA gene, partial sequence
206_A|LSU_308bp_U001_U004|consensus_cl_id_1_total_supporting_reads_499	gi|2816369594|gb|PQ454509.1|	98.929	280	3	0	3	282	290	569	2.52e-137	501	3369590	Ophiocordyceps sp. WB-2024c voucher HKAS 126128 large subunit ribosomal RNA gene, partial sequence
206_A|LSU_308bp_U001_U004|consensus_cl_id_1_total_supporting_reads_499	gi|2501493979|gb|OQ942612.1|	98.929	280	3	0	3	282	289	568	2.52e-137	501	3045346	Ophiocordyceps sp. 4 WXM-2023 voucher HKAS 126128 large subunit ribosomal RNA gene, partial sequence
206_A|LSU_308bp_U001_U004|consensus_cl_id_1_total_supporting_reads_499	gi|2708481610|gb|PP577936.1|	98.929	280	3	0	3	282	328	607	2.52e-137	501	87751	Ophiocordyceps nutans isolate GMBC 3024 large subunit ribosomal RNA gene, partial sequence
206_A|LSU_308bp_U001_U004|consensus_cl_id_1_total_supporting_reads_499	gi|2599447048|gb|OR727508.1|	98.929	280	3	0	3	282	333	612	2.52e-137	501	3083226	Ophiocordyceps pseudonutans voucher HAKS 131087 large subunit ribosomal RNA gene, partial sequence
206_A|LSU_308bp_U001_U004|consensus_cl_id_1_total_supporting_reads_499	gi|2816369592|gb|PQ454508.1|	98.929	280	3	0	3	282	294	573	2.52e-137	501	3369590	Ophiocordyceps sp. WB-2024c voucher HKAS 126060 large subunit ribosomal RNA gene, partial sequence
NC_DNA|ITS2_350bp_U001_U007|consensus_cl_id_16_total_supporting_reads_24	gi|3117467620|gb|PX619381.1|	100.000	308	0	0	2	309	198	505	7.51e-158	569	931006	Beauveria pseudobassiana isolate TB586-5d internal transcribed spacer 1, partial sequence; 5.8S ribosomal RNA gene and internal transcribed spacer 2, complete sequence; and large subunit ribosomal RNA gene, partial sequence
NC_DNA|ITS2_350bp_U001_U007|consensus_cl_id_16_total_supporting_reads_24	gi|2864358967|gb|PQ678806.1|	100.000	308	0	0	2	309	265	572	7.51e-158	569	931006	Beauveria pseudobassiana isolate AS137 small subunit ribosomal RNA gene, partial sequence; internal transcribed spacer 1, 5.8S ribosomal RNA gene, and internal transcribed spacer 2, complete sequence; and large subunit ribosomal RNA gene, partial sequence
NC_DNA|ITS2_350bp_U001_U007|consensus_cl_id_16_total_supporting_reads_24	gi|21666823|gb|AF455396.1|	100.000	308	0	0	2	309	253	560	7.51e-158	569	176275	Beauveria bassiana isolate wb598 small subunit ribosomal RNA gene, partial sequence; internal transcribed spacer 1, 5.8S ribosomal RNA gene, and internal transcribed spacer 2, complete sequence; and large subunit ribosomal RNA gene, partial sequence
NC_DNA|ITS2_350bp_U001_U007|consensus_cl_id_16_total_supporting_reads_24	gi|2851272783|gb|PQ583462.1|	100.000	308	0	0	2	309	183	490	7.51e-158	569	931006	Beauveria pseudobassiana strain NR-OM02c internal transcribed spacer 1, partial sequence; 5.8S ribosomal RNA gene and internal transcribed spacer 2, complete sequence; and large subunit ribosomal RNA gene, partial sequence
NC_DNA|ITS2_350bp_U001_U007|consensus_cl_id_16_total_supporting_reads_24	gi|1376175776|gb|MH185845.1|	100.000	308	0	0	2	309	265	572	7.51e-158	569	931006	Beauveria pseudobassiana strain ESK10 small subunit ribosomal RNA gene, partial sequence; internal transcribed spacer 1, 5.8S ribosomal RNA gene, and internal transcribed spacer 2, complete sequence; and large subunit ribosomal RNA gene, partial sequence
NC_DNA|ITS2_350bp_U001_U007|consensus_cl_id_4_total_supporting_reads_86	gi|2245244025|gb|ON599123.1|	100.000	295	0	0	3	297	257	551	1.21e-150	545	40559	Botrytis cinerea isolate BLYP183_2018 small subunit ribosomal RNA gene, partial sequence; internal transcribed spacer 1, 5.8S ribosomal RNA gene, and internal transcribed spacer 2, complete sequence; and large subunit ribosomal RNA gene, partial sequence
NC_DNA|ITS2_350bp_U001_U007|consensus_cl_id_4_total_supporting_reads_86	gi|723438471|gb|KM383775.1|	100.000	295	0	0	3	297	202	496	1.21e-150	545	1572720	Botrytis sp. MA1303-30M-M2 internal transcribed spacer 1, partial sequence; 5.8S ribosomal RNA gene and internal transcribed spacer 2, complete sequence; and 28S ribosomal RNA gene, partial sequence
NC_DNA|ITS2_350bp_U001_U007|consensus_cl_id_4_total_supporting_reads_86	gi|1494852021|gb|MK078594.1|	100.000	295	0	0	3	297	256	550	1.21e-150	545	40559	Botrytis cinerea isolate BZGF-2 small subunit ribosomal RNA gene, partial sequence; internal transcribed spacer 1, 5.8S ribosomal RNA gene, and internal transcribed spacer 2, complete sequence; and large subunit ribosomal RNA gene, partial sequence
NC_DNA|ITS2_350bp_U001_U007|consensus_cl_id_4_total_supporting_reads_86	gi|2452466248|gb|OQ592747.1|	100.000	295	0	0	3	297	215	509	1.21e-150	545	40559	Botrytis cinerea isolate HQS19-9 internal transcribed spacer 1, partial sequence; 5.8S ribosomal RNA gene and internal transcribed spacer 2, complete sequence; and large subunit ribosomal RNA gene, partial sequence
NC_DNA|ITS2_350bp_U001_U007|consensus_cl_id_4_total_supporting_reads_86	gi|2787356521|gb|PQ187006.1|	100.000	295	0	0	3	297	134	428	1.21e-150	545	40559	Botrytis cinerea isolate K12 internal transcribed spacer 1, partial sequence; 5.8S ribosomal RNA gene and internal transcribed spacer 2, complete sequence; and large subunit ribosomal RNA gene, partial sequence
NC_DNA|ITS2_350bp_U001_U007|consensus_cl_id_50_total_supporting_reads_14	gi|2293426915|gb|OP348991.1|	100.000	266	0	0	1	266	160	425	1.43e-134	492	2006375	Hyphopichia sp. strain INTA AB 1-1 small subunit ribosomal RNA gene, partial sequence; internal transcribed spacer 1, 5.8S ribosomal RNA gene, and internal transcribed spacer 2, complete sequence; and large subunit ribosomal RNA gene, partial sequence
NC_DNA|ITS2_350bp_U001_U007|consensus_cl_id_50_total_supporting_reads_14	gi|2259531625|emb|OW987767.1|	100.000	266	0	0	1	266	177	442	1.43e-134	492	717740	Hyphopichia burtonii genomic DNA sequence contains 18S rRNA gene, ITS1, 5.8S rRNA gene, ITS2, 28S rRNA gene
NC_DNA|ITS2_350bp_U001_U007|consensus_cl_id_50_total_supporting_reads_14	gi|2644605885|gb|PP082595.1|	100.000	266	0	0	1	266	151	416	1.43e-134	492	1709941	Fungal sp. strain EPAF-14 internal transcribed spacer 1, partial sequence; 5.8S ribosomal RNA gene and internal transcribed spacer 2, complete sequence; and large subunit ribosomal RNA gene, partial sequence
NC_DNA|ITS2_350bp_U001_U007|consensus_cl_id_50_total_supporting_reads_14	gi|1464537892|gb|MG554339.1|	100.000	266	0	0	1	266	181	446	1.43e-134	492	717740	Hyphopichia burtonii strain JN-YA-2-1 18S ribosomal RNA gene, partial sequence; internal transcribed spacer 1, 5.8S ribosomal RNA gene, and internal transcribed spacer 2, complete sequence; and 28S ribosomal RNA gene, partial sequence
NC_DNA|ITS2_350bp_U001_U007|consensus_cl_id_50_total_supporting_reads_14	gi|1892049099|gb|MT892805.1|	100.000	266	0	0	1	266	267	532	1.43e-134	492	717740	Hyphopichia burtonii isolate 003-E8 small subunit ribosomal RNA gene, partial sequence; internal transcribed spacer 1, 5.8S ribosomal RNA gene, and internal transcribed spacer 2, complete sequence; and large subunit ribosomal RNA gene, partial sequence
NC_DNA|LSU_308bp_U001_U007|consensus_cl_id_0_total_supporting_reads_80	gi|1473256317|gb|MH869261.1|	100.000	273	0	0	3	275	326	598	1.90e-138	505	278948	Botrytis paeoniae culture CBS:127.58 strain CBS 127.58 large subunit ribosomal RNA gene, partial sequence
NC_DNA|LSU_308bp_U001_U007|consensus_cl_id_0_total_supporting_reads_80	gi|1473256015|gb|MH868959.1|	100.000	273	0	0	3	275	325	597	1.90e-138	505	40559	Botrytis cinerea culture CBS:144.55 strain CBS 144.55 large subunit ribosomal RNA gene, partial sequence
NC_DNA|LSU_308bp_U001_U007|consensus_cl_id_0_total_supporting_reads_80	gi|1021765676|gb|KU140653.1|	100.000	273	0	0	3	275	283	555	1.90e-138	505	40559	Botrytis cinerea 28S ribosomal RNA gene, partial sequence
NC_DNA|LSU_308bp_U001_U007|consensus_cl_id_0_total_supporting_reads_80	gi|2500670473|gb|OQ931872.1|	100.000	273	0	0	3	275	309	581	1.90e-138	505	278946	Botryotinia ranunculi isolate A3MO12 large subunit ribosomal RNA gene, partial sequence
NC_DNA|LSU_308bp_U001_U007|consensus_cl_id_0_total_supporting_reads_80	gi|478440600|gb|KC292909.1|	100.000	273	0	0	3	275	300	572	1.90e-138	505	40559	Botrytis cinerea strain LEst01 28S ribosomal RNA gene, partial sequence
NC_DNA|LSU_308bp_U001_U007|consensus_cl_id_24_total_supporting_reads_18	gi|2019446455|dbj|LC621228.1|	100.000	265	0	0	2	266	295	559	5.09e-134	490	1116209	Cladosporium phlei MHJB gene for 28S rRNA, partial sequence
NC_DNA|LSU_308bp_U001_U007|consensus_cl_id_24_total_supporting_reads_18	gi|319655272|gb|HQ143184.1|	100.000	265	0	0	2	266	325	589	5.09e-134	490	175245	Uncultured fungus clone 22-24FM 26S ribosomal RNA gene, partial sequence
NC_DNA|LSU_308bp_U001_U007|consensus_cl_id_24_total_supporting_reads_18	gi|1949744711|dbj|LC598199.1|	100.000	265	0	0	2	266	301	565	5.09e-134	490	1707700	Cladosporium sp. strain TPF8550
NC_DNA|LSU_308bp_U001_U007|consensus_cl_id_24_total_supporting_reads_18	gi|1421637300|gb|MF627673.1|	100.000	265	0	0	2	266	286	550	5.09e-134	490	175245	Uncultured fungus clone CulTenn Endophyte22 large subunit ribosomal RNA gene, partial sequence
NC_DNA|LSU_308bp_U001_U007|consensus_cl_id_24_total_supporting_reads_18	gi|386436335|gb|JQ388759.1|	100.000	265	0	0	2	266	294	558	5.09e-134	490	166632	Cladosporium coralloides strain F-J555-1.1 large subunit ribosomal RNA gene, partial sequence
PC_Beauveria|ITS2_350bp_U001_U005|consensus_cl_id_13_total_supporting_reads_500	gi|807051219|gb|KP862993.1|	100.000	310	0	0	3	312	194	503	5.91e-159	573	176275	Beauveria bassiana strain Ank4 internal transcribed spacer 1, partial sequence; 5.8S ribosomal RNA gene and internal transcribed spacer 2, complete sequence; and 28S ribosomal RNA gene, partial sequence
PC_Beauveria|ITS2_350bp_U001_U005|consensus_cl_id_13_total_supporting_reads_500	gi|2180312783|gb|OM302227.1|	100.000	310	0	0	3	312	190	499	5.91e-159	573	176275	Beauveria bassiana strain BNE19 internal transcribed spacer 1, partial sequence; 5.8S ribosomal RNA gene and internal transcribed spacer 2, complete sequence; and large subunit ribosomal RNA gene, partial sequence
PC_Beauveria|ITS2_350bp_U001_U005|consensus_cl_id_13_total_supporting_reads_500	gi|2580173209|gb|OR578513.1|	100.000	310	0	0	3	312	243	552	5.91e-159	573	176275	Beauveria bassiana isolate BM1 small subunit ribosomal RNA gene, partial sequence; internal transcribed spacer 1, 5.8S ribosomal RNA gene, and internal transcribed spacer 2, complete sequence; and large subunit ribosomal RNA gene, partial sequence
PC_Beauveria|ITS2_350bp_U001_U005|consensus_cl_id_13_total_supporting_reads_500	gi|953358180|gb|KU158472.1|	100.000	310	0	0	3	312	230	539	5.91e-159	573	176275	Beauveria bassiana isolate SHU.M.161 internal transcribed spacer 1, partial sequence; 5.8S ribosomal RNA gene and internal transcribed spacer 2, complete sequence; and 28S ribosomal RNA gene, partial sequence
PC_Beauveria|ITS2_350bp_U001_U005|consensus_cl_id_13_total_supporting_reads_500	gi|1696759380|gb|MN122412.1|	100.000	310	0	0	3	312	231	540	5.91e-159	573	176275	Beauveria bassiana isolate ERL836 internal transcribed spacer 1, partial sequence; 5.8S ribosomal RNA gene and internal transcribed spacer 2, complete sequence; and large subunit ribosomal RNA gene, partial sequence
PC_Beauveria|RPB1_320bp_U001_U005|consensus_cl_id_1_total_supporting_reads_499	gi|642991491|gb|KJ500416.1|	100.000	288	0	0	1	288	197	484	9.13e-147	532	176275	Beauveria bassiana strain ARSEF 1816 DNA dependent RNA polymerase II, largest subunit gene, partial cds
PC_Beauveria|RPB1_320bp_U001_U005|consensus_cl_id_1_total_supporting_reads_499	gi|2295612906|gb|MW976776.1|	100.000	288	0	0	1	288	270	557	9.13e-147	532	176275	Beauveria bassiana isolate Ka2 RNA polymerase II largest subunit (RPB1) gene, partial cds
PC_Beauveria|RPB1_320bp_U001_U005|consensus_cl_id_1_total_supporting_reads_499	gi|2599491423|gb|OR059250.1|	100.000	288	0	0	1	288	161	448	9.13e-147	532	1481906	Beauveria rudraprayagi voucher KUMCC 7762 DNA-directed RNA polymerase II largest subunit (rpb1) gene, partial cds
PC_Beauveria|RPB1_320bp_U001_U005|consensus_cl_id_1_total_supporting_reads_499	gi|2737464042|gb|OR509384.1|	100.000	288	0	0	1	288	215	502	9.13e-147	532	176275	Beauveria bassiana isolate CEP 075 RPB1 (RPB1) gene, partial cds
PC_Beauveria|RPB1_320bp_U001_U005|consensus_cl_id_1_total_supporting_reads_499	gi|2199407144|gb|OM373099.1|	100.000	288	0	0	1	288	215	502	9.13e-147	532	3044433	Beauveria sp. strain YFCC 867 RNA polymerase II largest subunit (RPB1) gene, partial cds
PC_Beauveria|TEF_268bp_U001_U005|consensus_cl_id_41_total_supporting_reads_409	gi|2775786155|gb|PQ048036.1|	100.000	227	0	0	2	228	360	586	5.72e-113	420	176275	Beauveria bassiana isolate LHYF translation elongation factor 1-alpha (TEF) gene, partial cds
PC_Beauveria|TEF_268bp_U001_U005|consensus_cl_id_41_total_supporting_reads_409	gi|152937529|gb|EF193184.1|	100.000	227	0	0	2	228	1051	1277	5.72e-113	420	176275	Beauveria bassiana isolate KVL 03_102 translation elongation factor 1 alpha gene, partial sequence
PC_Beauveria|TEF_268bp_U001_U005|consensus_cl_id_41_total_supporting_reads_409	gi|440496590|gb|JQ867159.1|	100.000	227	0	0	2	228	326	552	5.72e-113	420	176275	Beauveria bassiana strain RCEF4661 elongation factor-1 alpha (TEF) gene, partial cds
PC_Beauveria|TEF_268bp_U001_U005|consensus_cl_id_41_total_supporting_reads_409	gi|1911464127|gb|MN576994.1|	100.000	227	0	0	2	228	337	563	5.72e-113	420	176275	Beauveria bassiana strain YFCC 3369 translation elongation factor 1-alpha (TEF) gene, partial cds
PC_Beauveria|TEF_268bp_U001_U005|consensus_cl_id_41_total_supporting_reads_409	gi|53830919|gb|AY531916.1|	100.000	227	0	0	2	228	1069	1295	5.72e-113	420	176275	Beauveria bassiana isolate 2579 translation elongation factor 1 alpha gene, partial cds
