Species	Voucher	Found	Accession
Hirsutella citriformis	ARSEF 1446	YES	KM652154.1
Hirsutella citriformis	NHJ 12118	NO	
Ophiocordyceps albacongiuae	RC20	NO	
Ophiocordyceps amazonica	Ophama2026	NO	
Ophiocordyceps annulata	CEM303	NO	
Ophiocordyceps anocheti	HKAS 132231	YES	PV139217.1
Ophiocordyceps anshunensis	GMBC 3026	YES	PP583071.1
Ophiocordyceps aphodii	ARSEF 5498	NO	
Ophiocordyceps appendiculata	NBRC 106959	YES	JN993174.1
Ophiocordyceps araracuarensis	Ophful696	YES	KP200891.1
Ophiocordyceps arborescens	NBRC:105890	YES	AB968399.1
Ophiocordyceps asiana	GMBC 3023	YES	PP583068.1
Ophiocordyceps asiana	HKAS125846	YES	PP627513.1
Ophiocordyceps australis	Ophaus1901	NO	
Ophiocordyceps australis	Ophaus774	NO	
Ophiocordyceps australis	Ophaus926	NO	
Ophiocordyceps bannaensis	GACP24-0801	NO	
Ophiocordyceps binata	Binat	NO	
Ophiocordyceps blakebarnesii	MISSOU5	NO	
Ophiocordyceps blattarioides	Ophbla014	NO	
Ophiocordyceps blattarioides	Ophbla2098	NO	
Ophiocordyceps blattarioides	Ophsp.014	NO	
Ophiocordyceps brunneanigra	BCC69032	NO	
Ophiocordyceps brunneaperitheciata	BCC49312	NO	
Ophiocordyceps brunneipunctata	OSC 128576	NO	
Ophiocordyceps buquetii	HMAS_199613	NO	
Ophiocordyceps buquetii	HMAS_199617	NO	
Ophiocordyceps calliphoridarum	GMB 3129	YES	PX219623.1
Ophiocordyceps camponoti	ATRI3	NO	
Ophiocordyceps camponoti	C36	NO	
Ophiocordyceps camponoti	C40	NO	
Ophiocordyceps camponoti	Co24	NO	
Ophiocordyceps camponoti	Co25	NO	
Ophiocordyceps camponoti	FEMO2	NO	
Ophiocordyceps camponoti	Flo4	NO	
Ophiocordyceps camponoti	Flx2	NO	
Ophiocordyceps camponoti	G108	NO	
Ophiocordyceps camponoti	G143	NO	
Ophiocordyceps camponoti	HIPPOC	NO	
Ophiocordyceps camponoti	INDI2	NO	
Ophiocordyceps camponoti	INPA 280294	NO	
Ophiocordyceps camponoti	NIDUL2	NO	
Ophiocordyceps camponoti	OBIS5	NO	
Ophiocordyceps camponoti	ORENG	NO	
Ophiocordyceps camponoti	YFCC 9028	NO	
Ophiocordyceps clavata	CEM1762	NO	
Ophiocordyceps clavata	MY12912	NO	
Ophiocordyceps cochlidiicola	HMAS_199612	NO	
Ophiocordyceps communis	NHJ 12581	NO	
Ophiocordyceps corriemoreau	C2014A	NO	
Ophiocordyceps corriemoreauae	C2014A	NO	
Ophiocordyceps crinalis	GDGM 17327	NO	
Ophiocordyceps crinalis	HKAS:102447	YES	OQ127357.1
Ophiocordyceps curculionum	OSC 151910	NO	
Ophiocordyceps cylindrospora	HKAS 148937	NO	
Ophiocordyceps daceti	MF01	NO	
Ophiocordyceps daceti	MF90	NO	
Ophiocordyceps diabolica	BDS32	NO	
Ophiocordyceps dipterigena	Ophdip899	NO	
Ophiocordyceps dipterigena	OSC 151911	NO	
Ophiocordyceps dipterigena	OSC 151912	NO	
Ophiocordyceps elongata	OSC 110989	NO	
Ophiocordyceps evansii	Ophsp.858	YES	KP200889.1
Ophiocordyceps formicarum	TNS F18565	NO	
Ophiocordyceps formosana	TNM F13893	NO	
Ophiocordyceps forquignonii	OSC 151902	NO	
Ophiocordyceps fulgoromorphila	Ophara717	NO	
Ophiocordyceps fulgoromorphila	Ophsp.717	NO	
Ophiocordyceps geometridicola	BCC35947	NO	
Ophiocordyceps gracilis	EFCC 3101	NO	
Ophiocordyceps gracillisima	Ophgrc679	NO	
Ophiocordyceps granospora	BCC82255	NO	
Ophiocordyceps granospora	OSC 128579	NO	
Ophiocordyceps halabalaensis	MY1308	YES	GU723758.1
Ophiocordyceps humbertii	MF116A	NO	
Ophiocordyceps humbertii	MF116B	NO	
Ophiocordyceps khaoyaiensis	BCC82796	NO	
Ophiocordyceps kimflemingiae	SC30	NO	
Ophiocordyceps kniphofioides	HUA TSF 790	NO	
Ophiocordyceps kniphofioides	MF90	NO	
Ophiocordyceps kniphofioides	Ophkni727	NO	
Ophiocordyceps konnoana	EFCC 7315	NO	
Ophiocordyceps lanpingensis	CS96	YES	OK012563.1
Ophiocordyceps lanpingensis	YHOS0705	NO	
Ophiocordyceps laosensis	GMB 3137	YES	PX219630.1
Ophiocordyceps laotii	BCC 76497	YES	ON763787.1
Ophiocordyceps lloydii	OSC 151913	NO	
Ophiocordyceps longissima	NBRC:106965	YES	AB968406.1
Ophiocordyceps longissima	TNS F18448	NO	
Ophiocordyceps macroacicularis	BCC22918	NO	
Ophiocordyceps macroacicularis	NBRC:105888	YES	AB968401.1
Ophiocordyceps megacuculla	BCC82258	NO	
Ophiocordyceps melolonthae	OSC 110993	NO	
Ophiocordyceps mizoramensis	OCCMZ001	NO	
Ophiocordyceps monacidis	MF74	NO	
Ophiocordyceps multiperitheciata	BCC22861	NO	
Ophiocordyceps muscae	BBC73607	NO	
Ophiocordyceps muscae	BCC73607	YES	PV170896.1
Ophiocordyceps muscae	GMB 3136	YES	PX219629.1
Ophiocordyceps myrmecophila	BCC82985	YES	MH028149.1
Ophiocordyceps myrmecophila	HMAS_199620	NO	
Ophiocordyceps naomipierceae	DAWKSANT	NO	
Ophiocordyceps neonutans	FMF88	YES	KX197242.1
Ophiocordyceps neonutans	KEL110	YES	KX197240.1
Ophiocordyceps neonutans	KEL113	YES	KX197239.1
Ophiocordyceps neonutans	KEL114	YES	KX197241.1
Ophiocordyceps neonutans	KEL138	YES	KX197243.1
Ophiocordyceps neonutans	KEL142	YES	KX197244.1
Ophiocordyceps neovolkiana	OSC 151903	NO	
Ophiocordyceps nutans	104-50	YES	AB509505.1
Ophiocordyceps nutans	11BidoupNLU	NO	
Ophiocordyceps nutans	12BidoupNLU	NO	
Ophiocordyceps nutans	15BidoupNLU	NO	
Ophiocordyceps nutans	20886	YES	AJ536558.1
Ophiocordyceps nutans	420526MF0525	NO	
Ophiocordyceps nutans	420526MF0895	NO	
Ophiocordyceps nutans	CPA50	YES	ON890862.1
Ophiocordyceps nutans	FI935	YES	PP803457.1
Ophiocordyceps nutans	FI942	NO	
Ophiocordyceps nutans	G97033	YES	AJ309366.1
Ophiocordyceps nutans	G97035	YES	AJ309367.1
Ophiocordyceps nutans	GMBC 3024	YES	PP583069.1
Ophiocordyceps nutans	HB0201	YES	AJ536557.1
Ophiocordyceps nutans	HB0202	YES	AJ536559.1
Ophiocordyceps nutans	HKAS 126065	YES	OQ935378.1
Ophiocordyceps nutans	HKAS 126074	YES	OQ935380.1
Ophiocordyceps nutans	HKAS 126077	YES	OQ935381.1
Ophiocordyceps nutans	HKAS122491	YES	ON794322.1
Ophiocordyceps nutans	HKAS:102461	YES	OQ127359.1
Ophiocordyceps nutans	HMIGD 20876	NO	
Ophiocordyceps nutans	HMJAU63522	YES	OR364598.1
Ophiocordyceps nutans	iNaturalist#84633145	NO	
Ophiocordyceps nutans	iNaturalist#84633564	NO	
Ophiocordyceps nutans	KA12-1340	YES	KR673559.1
Ophiocordyceps nutans	KACC500169	YES	AF224274.1
Ophiocordyceps nutans	l	YES	AJ536560.1
Ophiocordyceps nutans	Liyi2048	YES	MZ568423.1
Ophiocordyceps nutans	MHHNU 30295	YES	MK453047.1
Ophiocordyceps nutans	NBRC 100944	YES	JN993196.1
Ophiocordyceps nutans	NXS92	YES	PP454967.1
Ophiocordyceps nutans	Oph994	NO	
Ophiocordyceps nutans	OSC 110994	NO	
Ophiocordyceps nutans	SICAU 24-0164	NO	
Ophiocordyceps nutans	SICAU 24-0164-1	NO	
Ophiocordyceps nutans	SICAU 24-0165	NO	
Ophiocordyceps nutans	XS58	YES	ON890863.1
Ophiocordyceps nutans	YU0412	YES	PP859048.1
Ophiocordyceps odonatae	TNS F18563	NO	
Ophiocordyceps odontomachi	Odonto1	NO	
Ophiocordyceps oecophyllae	OECO1	NO	
Ophiocordyceps ootakii	J13	NO	
Ophiocordyceps oxycephala	HMIGD 20878	NO	
Ophiocordyceps oxycephala	wyhxz-2	YES	OL150612.1
Ophiocordyceps paltothyrei	Palt1	NO	
Ophiocordyceps paltothyrei	Palt2	NO	
Ophiocordyceps pauciovoperitheciata	BCC53615	NO	
Ophiocordyceps philippinensis	BBC22048	NO	
Ophiocordyceps philippinensis	BCC22048	YES	PV170898.1
Ophiocordyceps poecilometigena	BRIP 61312a	NO	
Ophiocordyceps polyrhachis	P39	NO	
Ophiocordyceps polyrhachis	Po21	NO	
Ophiocordyceps ponerinarum	Ophkni790	NO	
Ophiocordyceps pruinosa	NHJ 12994	NO	
Ophiocordyceps pseudoacicularis	BCC49256	NO	
Ophiocordyceps pseudolloydii	HKAS 126055	YES	OQ935373.1
Ophiocordyceps pseudomyrmicis	P10B1	NO	
Ophiocordyceps pseudonutans	HAKS 131087	NO	
Ophiocordyceps pulvinata	Ophiocordyceps_pulvinata_gene_for_28S_ribosomal_RNA_partial_sequence	NO	
Ophiocordyceps pulvinata	TNS-F-30044	NO	
Ophiocordyceps purpureostromata	TNS F18430	NO	
Ophiocordyceps rami	MY6736	NO	
Ophiocordyceps ravenelii	OSC 110995	NO	
Ophiocordyceps rhizoidea	NHJ 12529	NO	
Ophiocordyceps robertsii	KEW 27083	NO	
Ophiocordyceps robertsii	YHORZT007	YES	KC561978.1
Ophiocordyceps rubiginosiperitheciata	NBRC 100946	YES	AB294423.1
Ophiocordyceps satoi	J19	NO	
Ophiocordyceps satoi	YFCC 8810	NO	
Ophiocordyceps sobolifera	HKAS 126020	NO	
Ophiocordyceps sp	NHJ 12525	NO	
Ophiocordyceps sp	OSC 151909	NO	
Ophiocordyceps sp	SJ22	NO	
Ophiocordyceps sp.	CatKNZ01_OP	YES	LC370817.1
Ophiocordyceps sp.	NHJ 12525	NO	
Ophiocordyceps spataforae	NHJ 12525	NO	
Ophiocordyceps sphecocephala	OSC 110998	NO	
Ophiocordyceps tabani	BBC45127	NO	
Ophiocordyceps tabani	BCC39918	NO	
Ophiocordyceps thanathonensis	HKAS:102442	YES	OQ127361.1
Ophiocordyceps thanathonensis	MFLU 16-2909	YES	MF850376.1
Ophiocordyceps thanathonensis	MFLU 16-2910	YES	MF850375.1
Ophiocordyceps thanathonensis	MFLUCC:16-2909	NO	
Ophiocordyceps thanathonensis	MFLUCC:16-2910	NO	
Ophiocordyceps thilosuensis	BBC47494	NO	
Ophiocordyceps thilosuensis	BCC47494	YES	PV170902.1
Ophiocordyceps tiputini	Ophsp.11465	NO	
Ophiocordyceps tiputini	Ophtip11465	NO	
Ophiocordyceps tricentri	CEM160	NO	
Ophiocordyceps tricentri	KUMCC 5198	NO	
Ophiocordyceps unilateralis	OSC 128574	NO	
Ophiocordyceps variabilis	ARSEF 5365	NO	
Ophiocordyceps vespulae	GZUCC2017064	NO	
Ophiocordyceps vespulae	HKAS:102449	YES	OQ127362.1
Ophiocordyceps xuefengensis	YFCC 16049246	YES	OQ608721.1
Ophiocordyceps yakusimensis	HMAS_199604	NO	
Tolypocladium capitatum	ARSEF 1446	NO	
Tolypocladium capitatum	OSC71233	NO	
Tolypocladium capitatum	YFCC 881	YES	OP207721.1
Tolypocladium inflatum	CBS 127147	YES	MH864439.1
Tolypocladium inflatum	KUMCC 7769	YES	OQ740186.1
Tolypocladium inflatum	MTCC 557	YES	JQ266196.1
Tolypocladium inflatum	OSC 71235	YES	JN049844.1
Tolypocladium ophioglossoides	CBS 100239	YES	KU382155.1
Tolypocladium ophioglossoides	iNAT:178438965	YES	PZ017987.1
Tolypocladium ophioglossoides	NBRC:106330	YES	JN993208.1
