Sample,Marker,UniqueID_values,Forwardtag,Reversetag,Forwardprimer,Reverseprimer
203_A,ITS2_350bp_U001_U001,203_A_ITS2_350bp_U001_U001,AACAGATGG,AACAGATGG,GCATCGATGAAGAACGCAGC,YTTTTCCTCCGCTTATTGATATGC
203_A,SSU_305bp_U001_U001,203_A_SSU_305bp_U001_U001,AACAGATGG,AACAGATGG,CCGTGGTAATTCTAGAGCTAATACATGC,RTCGGGATTGGGTAATTTGCGC
203_A,LSU_308bp_U001_U001,203_A_LSU_308bp_U001_U001,AACAGATGG,AACAGATGG,AGCGCACAAGTAGAGTGATCG,GGTCCGTGTTTCAAGACGG
203_A,TEF_268bp_U001_U001,203_A_TEF_268bp_U001_U001,AACAGATGG,AACAGATGG,TGGTACAAGGGYTGGGAGAAGG,GCTGCTCGTGGTGCATYTCV
203_A,RPB1_320bp_U001_U001,203_A_RPB1_320bp_U001_U001,AACAGATGG,AACAGATGG,CCGTGTGCAAGAAGAAGCG,CGGTGATGATCATCCACTCGG
204_B,ITS2_350bp_U001_U002,204_B_ITS2_350bp_U001_U002,AACAGATGG,ACCGATTCG,GCATCGATGAAGAACGCAGC,YTTTTCCTCCGCTTATTGATATGC
204_B,SSU_305bp_U001_U002,204_B_SSU_305bp_U001_U002,AACAGATGG,ACCGATTCG,CCGTGGTAATTCTAGAGCTAATACATGC,RTCGGGATTGGGTAATTTGCGC
204_B,LSU_308bp_U001_U002,204_B_LSU_308bp_U001_U002,AACAGATGG,ACCGATTCG,AGCGCACAAGTAGAGTGATCG,GGTCCGTGTTTCAAGACGG
204_B,TEF_268bp_U001_U002,204_B_TEF_268bp_U001_U002,AACAGATGG,ACCGATTCG,TGGTACAAGGGYTGGGAGAAGG,GCTGCTCGTGGTGCATYTCV
204_B,RPB1_320bp_U001_U002,204_B_RPB1_320bp_U001_U002,AACAGATGG,ACCGATTCG,CCGTGTGCAAGAAGAAGCG,CGGTGATGATCATCCACTCGG
205_A,ITS2_350bp_U001_U003,205_A_ITS2_350bp_U001_U003,AACAGATGG,ACGAAGTGA,GCATCGATGAAGAACGCAGC,YTTTTCCTCCGCTTATTGATATGC
205_A,SSU_305bp_U001_U003,205_A_SSU_305bp_U001_U003,AACAGATGG,ACGAAGTGA,CCGTGGTAATTCTAGAGCTAATACATGC,RTCGGGATTGGGTAATTTGCGC
205_A,LSU_308bp_U001_U003,205_A_LSU_308bp_U001_U003,AACAGATGG,ACGAAGTGA,AGCGCACAAGTAGAGTGATCG,GGTCCGTGTTTCAAGACGG
205_A,TEF_268bp_U001_U003,205_A_TEF_268bp_U001_U003,AACAGATGG,ACGAAGTGA,TGGTACAAGGGYTGGGAGAAGG,GCTGCTCGTGGTGCATYTCV
205_A,RPB1_320bp_U001_U003,205_A_RPB1_320bp_U001_U003,AACAGATGG,ACGAAGTGA,CCGTGTGCAAGAAGAAGCG,CGGTGATGATCATCCACTCGG
206_A,ITS2_350bp_U001_U004,206_A_ITS2_350bp_U001_U004,AACAGATGG,ACGTGTCAG,GCATCGATGAAGAACGCAGC,YTTTTCCTCCGCTTATTGATATGC
206_A,SSU_305bp_U001_U004,206_A_SSU_305bp_U001_U004,AACAGATGG,ACGTGTCAG,CCGTGGTAATTCTAGAGCTAATACATGC,RTCGGGATTGGGTAATTTGCGC
206_A,LSU_308bp_U001_U004,206_A_LSU_308bp_U001_U004,AACAGATGG,ACGTGTCAG,AGCGCACAAGTAGAGTGATCG,GGTCCGTGTTTCAAGACGG
206_A,TEF_268bp_U001_U004,206_A_TEF_268bp_U001_U004,AACAGATGG,ACGTGTCAG,TGGTACAAGGGYTGGGAGAAGG,GCTGCTCGTGGTGCATYTCV
206_A,RPB1_320bp_U001_U004,206_A_RPB1_320bp_U001_U004,AACAGATGG,ACGTGTCAG,CCGTGTGCAAGAAGAAGCG,CGGTGATGATCATCCACTCGG
NC_DNA,ITS2_350bp_U001_U007,NC_DNA_ITS2_350bp_U001_U007,AACAGATGG,ACTGCCATA,GCATCGATGAAGAACGCAGC,YTTTTCCTCCGCTTATTGATATGC
NC_DNA,SSU_305bp_U001_U007,NC_DNA_SSU_305bp_U001_U007,AACAGATGG,ACTGCCATA,CCGTGGTAATTCTAGAGCTAATACATGC,RTCGGGATTGGGTAATTTGCGC
NC_DNA,LSU_308bp_U001_U007,NC_DNA_LSU_308bp_U001_U007,AACAGATGG,ACTGCCATA,AGCGCACAAGTAGAGTGATCG,GGTCCGTGTTTCAAGACGG
NC_DNA,TEF_268bp_U001_U007,NC_DNA_TEF_268bp_U001_U007,AACAGATGG,ACTGCCATA,TGGTACAAGGGYTGGGAGAAGG,GCTGCTCGTGGTGCATYTCV
NC_DNA,RPB1_320bp_U001_U007,NC_DNA_RPB1_320bp_U001_U007,AACAGATGG,ACTGCCATA,CCGTGTGCAAGAAGAAGCG,CGGTGATGATCATCCACTCGG
NC_PCR,ITS2_350bp_U001_U006,NC_PCR_ITS2_350bp_U001_U006,AACAGATGG,ACTCATCGT,GCATCGATGAAGAACGCAGC,YTTTTCCTCCGCTTATTGATATGC
NC_PCR,SSU_305bp_U001_U006,NC_PCR_SSU_305bp_U001_U006,AACAGATGG,ACTCATCGT,CCGTGGTAATTCTAGAGCTAATACATGC,RTCGGGATTGGGTAATTTGCGC
NC_PCR,LSU_308bp_U001_U006,NC_PCR_LSU_308bp_U001_U006,AACAGATGG,ACTCATCGT,AGCGCACAAGTAGAGTGATCG,GGTCCGTGTTTCAAGACGG
NC_PCR,TEF_268bp_U001_U006,NC_PCR_TEF_268bp_U001_U006,AACAGATGG,ACTCATCGT,TGGTACAAGGGYTGGGAGAAGG,GCTGCTCGTGGTGCATYTCV
NC_PCR,RPB1_320bp_U001_U006,NC_PCR_RPB1_320bp_U001_U006,AACAGATGG,ACTCATCGT,CCGTGTGCAAGAAGAAGCG,CGGTGATGATCATCCACTCGG
PC_Beauveria,ITS2_350bp_U001_U005,PC_Beauveria_ITS2_350bp_U001_U005,AACAGATGG,ACTATGCCG,GCATCGATGAAGAACGCAGC,YTTTTCCTCCGCTTATTGATATGC
PC_Beauveria,SSU_305bp_U001_U005,PC_Beauveria_SSU_305bp_U001_U005,AACAGATGG,ACTATGCCG,CCGTGGTAATTCTAGAGCTAATACATGC,RTCGGGATTGGGTAATTTGCGC
PC_Beauveria,LSU_308bp_U001_U005,PC_Beauveria_LSU_308bp_U001_U005,AACAGATGG,ACTATGCCG,AGCGCACAAGTAGAGTGATCG,GGTCCGTGTTTCAAGACGG
PC_Beauveria,TEF_268bp_U001_U005,PC_Beauveria_TEF_268bp_U001_U005,AACAGATGG,ACTATGCCG,TGGTACAAGGGYTGGGAGAAGG,GCTGCTCGTGGTGCATYTCV
PC_Beauveria,RPB1_320bp_U001_U005,PC_Beauveria_RPB1_320bp_U001_U005,AACAGATGG,ACTATGCCG,CCGTGTGCAAGAAGAAGCG,CGGTGATGATCATCCACTCGG
